排名,图片,名字,评论数,作者,出版时间,出版社,五星评论数,折后价,打折,电子书价
1.,http://img3m4.ddimg.cn/0/32/29276874-1_l_11.jpg,外婆出租中,52405条评论,"[英]丽芙・阿巴思诺特 ,周唯 译,酷威文化 出品",2021-07-01,四川文艺出版社,22985次,¥21.00,,¥7.98
2.,http://img3m6.ddimg.cn/3/11/29302716-1_l_17.jpg,慢一点也没关系（内卷时代的避坑指南）,47051条评论,"[比利时]吕克・斯维宁 著,常江涵 许楚琪 译,酷威文化 出品",2021-10-01,四川文艺出版社,25847次,¥19.90,,¥9.98
3.,http://img3m1.ddimg.cn/86/2/25546541-1_l_13.jpg,空间简史(与《时间简史》《人类简史》《未来简史》并称“四大简史...,178994条评论,[意]托马斯・马卡卡罗,2019-01-01,四川文艺出版社,125833次,¥19.80,,
4.,http://img3m4.ddimg.cn/77/13/27911444-1_l_11.jpg,高尔基成长三部曲（童年、在人间、我的大学）,157464条评论,[苏]高尔基 著，桑卓 译，酷威文化 出品,2019-08-01,四川文艺出版社,128605次,¥36.20,,¥9.99
5.,http://img3m6.ddimg.cn/98/30/29386466-1_l_4.jpg,和孩子一起冒险（如何说孩子才会听，如何做孩子才会学）,6145条评论,[澳]戴西・特恩布尔,2022-04-01,四川文艺出版社,6102次,¥19.80,,¥16.90
6.,http://img3m6.ddimg.cn/38/25/28541936-1_l_9.jpg,男孩的学习力,149107条评论,[日]富永雄辅 著，吴一红 译，酷威文化 出品,2020-06-01,四川文艺出版社,111482次,¥19.90,,¥7.99
7.,http://img3m8.ddimg.cn/4/36/29386768-1_l_4.jpg,小窗幽记（与菜根谭围炉夜话并称处世三大奇书）,6256条评论,[明]陈继儒 著,2022-05-01,万卷出版公司,6113次,¥15.50,,¥9.90
8.,http://img3m6.ddimg.cn/2/19/29363996-1_l_6.jpg,不悔【限量亲签版+定制贴纸、心情记录卡】朝小诚全新力作,3542条评论,朝小诚 著，酷威文化 出品,2022-03-01,四川文艺出版社,2118次,¥29.80,,¥19.90
9.,http://img3m1.ddimg.cn/53/35/28558781-1_l_8.jpg,女孩的学习力,51642条评论,[日]富永雄辅 著，吴一红 译，酷威文化 出品,2020-06-01,四川文艺出版社,37132次,¥19.90,,¥7.99
10.,http://img3m7.ddimg.cn/77/7/28990247-1_l_10.jpg,基本演绎法,60838条评论,"刘洪波, 李媛媛, 刘潋  著,酷威文化 出品",2020-08-01,四川文艺出版社,49831次,¥19.80,,¥5.99
11.,http://img3m6.ddimg.cn/29/15/28512326-1_l_10.jpg,那些听过却从未搞明白的问题,55519条评论,[西班牙]大卫・加耶（David Calle） 著，姜宁 译，酷威文化 出品,2020-03-01,四川文艺出版社,41240次,¥21.60,,¥5.99
12.,http://img3m3.ddimg.cn/93/36/27869583-1_l_11.jpg,向上管理：与你的领导相互成就,106817条评论,萧雨，酷威文化 出品,2019-06-01,江苏凤凰文艺出版社,68730次,¥19.90,,¥2.99
13.,http://img3m1.ddimg.cn/89/33/29390021-1_l_5.jpg,文心（夏�D尊、叶圣陶32节经典国文课）,3130条评论,夏�D尊 叶圣陶,2022-05-01,江苏凤凰文艺出版社,3073次,¥15.50,,¥23.80
14.,http://img3m2.ddimg.cn/15/29/29355792-1_l_2.jpg,基因宇宙,6291条评论,[澳]埃德文・柯克 著；张庆美 译,2022-02-01,四川文艺出版社,6047次,¥21.60,,¥19.90
15.,http://img3m8.ddimg.cn/85/33/29358238-1_l_5.jpg,空虚时代（媲美《娱乐至死》《乌合之众》的社会哲学经典）,6967条评论,"［法］吉尔・利波维茨基 著,倪复生 译,酷威文化 出品",2022-03-01,万卷出版公司,6057次,¥23.90,,¥19.90
16.,http://img3m2.ddimg.cn/59/12/28975082-1_l_10.jpg,订书匠,88766条评论,"[英]布里奇特・柯林斯 著,邹瑞莲 译,酷威文化 出品",2020-07-01,四川文艺出版社,52641次,¥23.90,,¥14.40
17.,http://img3m7.ddimg.cn/41/24/29317307-1_l_14.jpg,我能有什么坏心思呢（爆梗“去码头整点薯条”原著漫画）当当定制...,18527条评论,"[加] 乔舒亚・巴克曼 著,朱一凡 译,酷威文化 出品",2021-11-01,四川文艺出版社,11389次,¥29.90,,¥34.90
18.,http://img3m4.ddimg.cn/63/14/29392074-1_l_18.jpg,蓝鹦鹉格鲁比科普故事全10册 适读年龄7-14岁（会讲故事的科普书 ...,2971条评论,[瑞士]亚特兰特・比利 等著，文通天下 布克熊出品,2022-04-18,水利水电出版社,1157次,¥226.20,,
19.,http://img3m5.ddimg.cn/50/6/29404535-1_l_5.jpg,费曼学习法：我就是这样考上清华的,1056条评论,写书哥,2022-05-01,人民邮电出版社,1032次,¥29.90,,¥29.90
20.,http://img3m1.ddimg.cn/2/17/29411021-1_l_5.jpg,一次做对：少走弯路的28个成长法则,1055条评论,任康磊,2022-05-01,人民邮电出版社,1053次,¥29.90,,
21.,http://img3m5.ddimg.cn/54/6/29396025-1_l_5.jpg,亲密关系（傅首尔、周国平、李筱懿、青音推荐，25年心理学实战经...,1106条评论,黄启团，果麦文化 出品,2022-05-01,四川文艺出版社,1019次,¥41.30,,
22.,http://img3m0.ddimg.cn/69/30/29395050-1_l_2.jpg,人间游戏：人际关系心理学（《蛤蟆先生去看心理医生》作者推荐阅...,987条评论,[美]艾瑞克・伯恩,2022-05-01,北京联合出版有限公司,987次,¥35.60,,
23.,http://img3m4.ddimg.cn/55/31/29403154-1_l_4.jpg,小王子立体书（小嘉推荐！纸艺师刘斯杰匠心之作，520告白礼物书）...,1253条评论,[法]安托万・ 德・ 圣埃克苏佩里，译者 李继宏，果麦文化 出品,2022-01-01,云南美术出版社,1011次,¥198.00,,
24.,http://img3m2.ddimg.cn/90/20/29407842-1_l_11.jpg,【包邮】想为你的深夜放一束烟火（刘同新书，烟火签章版！赠郴ch...,854条评论,刘同，果麦文化 出品,2022-06-01,浙江文艺出版社,850次,¥29.90,,
25.,http://img3m4.ddimg.cn/94/27/27903244-1_l_14.jpg,昆虫记（课外阅读名著）,16162条评论,【法】让―亨利・法布尔 著，陈筱卿 译，酷威文化 出品,2019-08-01,四川文艺出版社,12690次,¥13.40,,¥1.99
26.,http://img3m1.ddimg.cn/60/13/29290101-1_l_5.jpg,三国史话,18223条评论,吕思勉 著，酷威文化 出品,2021-09-01,四川文艺出版社,17018次,¥13.40,,¥3.98
27.,http://img3m2.ddimg.cn/28/24/29390752-1_l_12.jpg,曾国藩实学（全三册）中国传统思想智慧之集大成！曾国藩家书、日...,840条评论,曾国藩 著，谷园 编,2022-03-01,福建教育出版社,819次,¥141.00,,
28.,http://img3m5.ddimg.cn/71/17/29412575-1_l_6.jpg,从0开始学创业：注册财税+运营管理+现金流管控,627条评论,黄剑锋,2022-06-01,清华大学出版社,627次,¥51.70,,
29.,http://img3m5.ddimg.cn/82/2/29393875-1_l_3.jpg,张宏杰漫画简读中国史（当当专享签名版，历史学者张宏杰代表作《...,611条评论,"张宏杰 著,博集天卷 出品",2022-05-01,岳麓书社,567次,¥29.00,,¥39.99
30.,http://img3m6.ddimg.cn/44/8/29322656-1_l_1.jpg,普通高校在津招生录取统计资料（2020-2021）预计到货时间2022年6...,622条评论,天津市招生委员会高等学校招生办公室,2021-12-01,天津人民出版社,589次,¥40.00,,
31.,http://img3m0.ddimg.cn/85/31/29401600-1_l_9.jpg,女子独居指南（写给每一个独居女孩的美好生活提案）,544条评论,日本主妇之友社,2022-05-01,江苏凤凰文艺出版社,544次,¥46.80,,
32.,http://img3m3.ddimg.cn/55/20/29297323-1_l_10.jpg,碳达峰与碳中和实施指南,2494条评论,张燕龙 主编  刘畅，刘洋 副主编,2021-10-01,化学工业出版社,1135次,¥34.00,,
33.,http://img3m9.ddimg.cn/56/8/29337419-1_l_2.jpg,产品研发质量与成本控制：基于价值工程和全生命周期,1351条评论,何重军  编著,2022-01-01,化学工业出版社,1059次,¥30.60,,
34.,http://img3m6.ddimg.cn/60/7/29394546-1_l_4.jpg,药店药房开店运营一本通（图解版）,543条评论,王昭斌  编著,2022-05-01,化学工业出版社,542次,¥34.00,,
35.,http://img3m7.ddimg.cn/94/36/29407747-1_l_2.jpg,科研论文配图设计与制作一本通,541条评论,罗磊  编著,2022-05-01,化学工业出版社,541次,¥74.10,,
36.,http://img3m3.ddimg.cn/12/35/29347473-1_l_4.jpg,人力资源管理从入门到精通系列--人力资源管理――招聘、面试、入...,890条评论,杨娟，郭梅  主编,2022-01-01,化学工业出版社,852次,¥34.00,,
37.,http://img3m7.ddimg.cn/36/2/29378187-1_l_2.jpg,实用公文写作与经典范例,1078条评论,《实用公文写作与经典范例》编写组  编,2022-03-01,化学工业出版社,1057次,¥34.00,,
38.,http://img3m7.ddimg.cn/95/16/29408837-1_l_1.jpg,如何汇报工作：高效传达信息，全面展现成果,558条评论,任康磊,2022-05-01,人民邮电出版社,556次,¥34.90,,
39.,http://img3m6.ddimg.cn/84/14/29407836-1_l_5.jpg,24小时高效陪伴,539条评论,朱艳丽   著   华夏智库  出品,2022-05-18,中华工商联合出版社,539次,¥40.00,,
40.,http://img3m5.ddimg.cn/11/1/29403605-1_l_1.jpg,中小企业低成本数字化转型之路：从“贝壳找房”看数字时代的组织...,539条评论,曾颖,2022-05-01,中华工商联合出版社,539次,¥29.00,,
41.,http://img3m8.ddimg.cn/18/7/29406978-1_l_3.jpg,元宇宙未来应用,538条评论,马岩松,2022-05-01,中华工商联合出版社,538次,¥29.00,,
42.,http://img3m7.ddimg.cn/13/3/29403607-1_l_1.jpg,情绪自控力,538条评论,马骊,2022-05-01,中华工商联合出版社,538次,¥29.00,,
43.,http://img3m8.ddimg.cn/14/4/29403608-1_l_1.jpg,接班人：领导系统与制度建设,538条评论,徐升华,2022-05-01,中华工商联合出版社,538次,¥34.00,,
44.,http://img3m7.ddimg.cn/40/29/29403337-1_l_3.jpg,一本书看懂商业模式 : 看懂商业模式，改变你的人生,538条评论,徐淼 著    华夏智库   出品,2022-05-01,中国商业出版社,538次,¥40.00,,
45.,http://img3m4.ddimg.cn/81/2/29397834-1_l_2.jpg,元宇宙108问,554条评论,王鸿宾,2022-04-01,中华工商联合出版社,538次,¥29.00,,
46.,http://img3m8.ddimg.cn/43/25/29397598-1_l_1.jpg,AI风暴 : 人工智能的商业运用,539条评论,孟宪坤   著    华夏智库   出品,2022-04-25,中国商业出版社,538次,¥46.90,,
47.,http://img3m1.ddimg.cn/85/28/28975801-1_l_17.jpg,乞力马扎罗的雪,50322条评论,"[美]欧内斯特・米勒・海明威 著,黄韵雅 译,酷威文化 出品",2020-07-01,花山文艺出版社,35204次,¥15.50,,¥3.99
48.,http://img3m6.ddimg.cn/82/36/29114596-1_l_18.jpg,汪曾祺的写作课,86383条评论,"汪曾祺 著,酷威文化 出品",2020-09-01,江苏凤凰文艺出版社,71679次,¥19.90,,¥9.99
49.,http://img3m0.ddimg.cn/45/3/29412450-1_l_12.jpg,敦煌三书：敦煌莫高窟艺术+敦煌壁画漫谈+敦煌彩塑纵论（随书附赠...,511条评论,常书鸿,2022-06-01,湖南文艺出版社,511次,¥160.80,,
50.,http://img3m1.ddimg.cn/63/9/29405241-1_l_5.jpg,中国神话（茅盾神话研究经典，中国神话奠基之作！）,506条评论,茅盾，果麦文化 出品,2022-05-01,四川文艺出版社,506次,¥34.00,,
51.,http://img3m7.ddimg.cn/46/27/29400967-1_l_17.jpg,和宝宝一起睡个好觉（专为亚洲妈妈量身定制的母婴安睡宝典，日本...,505条评论,[日]清水悦子 著  快读慢活出品,2022-05-01,江西科学技术出版社,505次,¥37.40,,
52.,http://img3m5.ddimg.cn/67/13/29405245-1_l_5.jpg,分裂的自我（精神病学领域经典专著，更是一部充满爱的慈悲之书。...,497条评论,[英]R.D.莱恩，译者 林和生，果麦文化 出品,2022-05-01,北京联合出版有限公司,497次,¥37.30,,
53.,http://img3m3.ddimg.cn/14/14/29388263-1_l_4.jpg,咖啡帝国：一部崭新的资本主义全球史（《棉花帝国》作者盛赞推荐...,497条评论,[美]奥古斯丁・塞奇威克,2022-05-01,浙江教育出版社,497次,¥63.30,,
54.,http://img3m4.ddimg.cn/42/26/29401854-1_l_1.jpg,物联网实战攻略：探索智联万物新时代,423条评论,张泽谦,2022-04-01,电子工业出版社,423次,¥44.50,,¥62.30
55.,http://img3m5.ddimg.cn/41/21/29400665-1_l_4.jpg,引爆元宇宙,422条评论,陈九,2022-04-01,电子工业出版社,420次,¥44.50,,¥62.30
56.,http://img3m2.ddimg.cn/32/20/29403032-1_l_4.jpg,从怕学习到爱学习（当当专享 作者私家养育锦囊）,588条评论,张萌,2022-05-01,北京联合出版有限公司,572次,¥37.90,,¥27.50
57.,http://img3m1.ddimg.cn/45/7/29124261-1_l_9.jpg,万物有趣：汪曾祺散文集,43880条评论,"汪曾祺 著,酷威文化 出品",2020-10-01,江苏凤凰文艺出版社,37955次,¥19.90,,¥7.99
58.,http://img3m8.ddimg.cn/96/17/29372208-1_l_22.jpg,疯狂科学（涉及科技、感官、健康、太空、身体、进化六大主题，回...,4634条评论,[英]格伦・墨菲 著，文通天下 布克熊出品,2022-02-01,水利水电出版社,585次,¥98.30,,
59.,http://img3m5.ddimg.cn/24/6/29404905-1_l_14.jpg,爱、洋葱和惠特比（难怪《一个人的朝圣》作者视她为偶像！英国天...,332条评论,【英】乔安娜・坎农 著 阿怪 译  时代华语 出品,2022-05-01,中国友谊出版公司,329次,¥24.90,,¥39.99
60.,http://img3m3.ddimg.cn/79/31/29399713-1_l_3.jpg,性别战争,326条评论,[美]奥利维娅・贾德森,2022-06-01,北京联合出版有限公司,326次,¥34.20,,
61.,http://img3m9.ddimg.cn/71/33/28992419-1_l_50.jpg,蛤蟆先生去看心理医生（年销200万册！英国经典心理咨询入门书，知...,1151980条评论,罗伯特・戴博德，果麦文化 出品,2020-07-01,天津人民出版社,6885次,¥26.00,,¥17.99
62.,http://img3m8.ddimg.cn/15/19/29396778-1_l_1.jpg,人人能懂的相对论（世界科普经典，本书没有比勾股定理更难的公式...,268条评论,【英】布莱恩・考克斯、【英】杰夫・福修，译者 李德力，果麦文化 出品,2022-04-01,上海科学技术文献出版社,267次,¥19.90,,
63.,http://img3m0.ddimg.cn/85/3/27898780-1_l_1.jpg,名人传,49808条评论,[法]罗曼・罗兰 著，傅雷 译，酷威文化 出品,2019-07-01,四川文艺出版社,37013次,¥13.60,,¥0.89
64.,http://img3m2.ddimg.cn/57/22/29403552-1_l_11.jpg,让孩子自然而然地学会阅读：自主阅读培养法,226条评论,麦圈妈妈 著，文通天下 出品,2022-05-01,水利水电出版社,226次,¥24.90,,
65.,http://img3m3.ddimg.cn/23/25/29311943-1_l_24.jpg,活着（余华代表作，精装，易烊千玺推荐阅读。当当专享印签藏书票...,713992条评论,余华  著 ，新经典  出品,2021-10-01,北京十月文艺出版社,1144次,¥31.00,,¥29.99
66.,http://img3m3.ddimg.cn/82/26/29401003-1_l_5.jpg,锋芒：唐风探案笔记（知乎热门真实重案故事！百万读者深夜追更，...,208条评论,唐风，风炫文化 出品,2022-05-01,台海出版社,200次,¥33.75,,
67.,http://img3m8.ddimg.cn/79/24/29390308-1_l_6.jpg,培养男孩（李跃儿推荐！用情感连接的力量塑造男孩的人格!告诉我们...,214条评论,[美]迈克尔・C・莱克特,2022-03-24,国际文化出版公司,201次,¥34.90,,¥29.99
68.,http://img3m5.ddimg.cn/51/34/26921715-1_l_12.jpg,人生海海（麦家重磅力作，莫言、董卿盛赞，连续两年高居畅销榜，...,965370条评论,麦家  著 ，新经典  出品,2019-04-16,北京十月文艺出版社,21868次,¥27.50,,¥24.99
69.,http://img3m6.ddimg.cn/86/4/29382296-1_l_7.jpg,神秘岛 （凡尔纳科幻三部曲之一）,3263条评论,[法]儒勒・凡尔纳,2022-04-01,台海出版社,3106次,¥19.40,,
70.,http://img3m3.ddimg.cn/12/36/29351433-1_l_1.jpg,四世同堂（老舍经典作品）,7813条评论,老舍 著，酷威文化 出品,2022-01-01,北方文艺出版社,7611次,¥29.80,,¥9.90
71.,http://img3m5.ddimg.cn/37/23/29343835-1_l_18.jpg,生死疲劳（不看不知道，莫言真幽默！全新版本！印章版和普通版随...,263613条评论,莫言；读客文化 出品,2022-01-01,浙江文艺出版社,858次,¥34.90,,
72.,http://img3m4.ddimg.cn/21/25/29323524-1_l_18.jpg,法治的细节（罗翔新作，法律随笔，评热点、论法理、聊读书、谈爱...,122487条评论,罗翔，果麦文化 出品,2021-11-01,云南人民出版社,1650次,¥24.90,,¥39.99
73.,http://img3m8.ddimg.cn/77/8/29386148-1_l_13.jpg,请停止精神内耗：避免人生脱序的25种心理偏误（高能量青年养成记...,573条评论,[德]莎拉・迪芬巴赫著 卜涵秋译，文通天下 出品,2022-03-01,水利水电出版社,217次,¥22.40,,
74.,http://img3m3.ddimg.cn/55/9/29400283-1_l_12.jpg,丰子恺岁月忽已晚，灯火要人归（插画版）名家散文集,240条评论,丰子恺 著，文通天下 出品,2022-03-01,甘肃人民出版社,162次,¥18.00,,¥22.40
75.,http://img3m1.ddimg.cn/85/28/1645640851-1_l_18.jpg,正版 二年级上册快乐读书吧 小鲤鱼跳龙门 二年级彩图注音版5册一...,1426条评论,金近、陈伯吹、严文井、孙幼军、冰波,2020-06-13,浙江教育出版社,375次,¥24.80,,
76.,http://img3m2.ddimg.cn/1/34/24185602-1_l_25040.jpg,杀死一只知更鸟（豆瓣9.2，关于勇气与正义的成长教科书，影响全球...,630338条评论,哈珀・李　著  李育超 译,2017-02-01,译林出版社,4934次,¥48.00,,
77.,http://img3m8.ddimg.cn/40/25/29339878-1_l_6.jpg,万有引力书系・宋太宗：阴影下的帝王（精装）,975条评论,张其凡,2022-03-01,广东人民出版社,166次,¥44.00,,
78.,http://img3m3.ddimg.cn/41/32/29392943-1_l_10.jpg,如果历史是一群喵10・宋辽金夏篇,18563条评论,肥志编绘，漫友文化出品,2022-04-01,广东旅游出版社,235次,¥40.66,,
79.,http://img3m4.ddimg.cn/67/33/24184084-1_l_9.jpg,次第花开 修订版,671171条评论,希阿荣博堪布,2017-02-01,海南出版社,3482次,¥19.90,,
80.,http://img3m7.ddimg.cn/45/9/29322657-1_l_3.jpg,2022年普通高校在津招生计划 预计到货时间2022年6月中下旬，到货...,207条评论,天津市招生委员会高等学校招生办公室,2021-12-01,天津人民出版社,193次,¥20.00,,
81.,http://img3m3.ddimg.cn/19/9/29403613-1_l_9.jpg,忍不住想看的历史冷知识（标记古人个性化生活方式，还原真实、有...,141条评论,赵��宏 著  时代华语 出品,2022-05-01,长江文艺出版社,127次,¥26.00,,¥39.99
82.,http://img3m2.ddimg.cn/33/26/28518072-1_l_8.jpg,被讨厌的勇气：“自我启发之父”阿德勒的哲学课 岸见一郎,667252条评论,"岸��一郎, 古�R史健",2020-03-05,机械工业出版社,1962次,¥30.00,,¥19.90
83.,http://img3m9.ddimg.cn/54/10/29404539-1_l_4.jpg,掌握写作密码，做好个人IP：技巧、写法、运营的高能手册,119条评论,刘皓,2022-05-01,人民邮电出版社,119次,¥44.80,,
84.,http://img3m1.ddimg.cn/10/34/29351431-1_l_2.jpg,经典常谈（朱自清国学典籍精讲）,7710条评论,朱自清 著，酷威文化 出品,2022-03-01,江苏凤凰文艺出版社,7572次,¥13.40,,¥3.98
85.,http://img3m5.ddimg.cn/17/3/29380445-1_l_12.jpg,从零开始读懂量子力学（精装加强版）,187条评论,戴瑾,2022-04-01,北京大学出版社,114次,¥60.70,,
86.,http://img3m5.ddimg.cn/90/7/29396655-1_l_4.jpg,Excel高效手册微课视频版wps office教程教材书籍 wps表格 秒懂ex...,110条评论,侯翔宇,2022-04-01,水利水电出版社,110次,¥52.30,,
87.,http://img3m4.ddimg.cn/32/35/23579654-1_l_6.jpg,三体：全三册 刘慈欣代表作，亚洲“雨果奖”获奖作品！,1834598条评论,刘慈欣,2010-11-01,重庆出版社,56729次,¥51.10,,¥39.99
88.,http://img3m5.ddimg.cn/47/20/29402255-1_l_7.jpg,魔犬,107条评论,[日]田边刚,2022-05-01,文化发展出版社,107次,¥39.80,,
89.,http://img3m8.ddimg.cn/93/23/29411508-1_l_7.jpg,味道的颗粒：一部香料的文化史,105条评论,[爱尔兰] 凯特琳・彭齐穆格 著,2022-05-01,文化发展出版社,105次,¥41.40,,
90.,http://img3m3.ddimg.cn/3/5/28542693-1_l_11.jpg,消失的13级台阶（罗翔推荐！荣获日本推理小说至高荣誉江户川乱步...,270380条评论,(日)高野和明 著；读客文化 出品,2020-04-29,上海文艺出版社,2457次,¥21.00,,¥12.99
91.,http://img3m5.ddimg.cn/24/13/29286105-1_l_8.jpg,嗨学网尊享网课课程卡(此卡为赠品，不单独销售）,54026条评论,嗨学网,2021-08-01,东南大学出版社,506次,¥299.00,,
92.,http://img3m1.ddimg.cn/16/33/29389651-1_l_18.jpg,明日在往事中（穆涛行文，贾平凹作画，趣解历史传统，关怀华夏文...,100条评论,穆涛 著，贾平凹 绘，创品 出品,2022-05-01,中国画报出版社,100次,¥27.50,,¥9.90
93.,http://img3m7.ddimg.cn/23/17/25353527-1_l_11.jpg,遥远的救世主（天道原著王志文主演电视剧畅销遥远的救世主作者豆...,394741条评论,豆豆,2018-10-09,作家出版社,2796次,¥24.00,,
94.,http://img3m9.ddimg.cn/70/10/29407129-1_l_8.jpg,控糖生活（当当专享控糖flag卡，畅销书《减糖生活》作者水野雅登...,98条评论,"水野雅登 著,博集天卷 出品",2022-05-31,湖南科技出版社,98次,¥29.00,,
95.,http://img3m9.ddimg.cn/24/8/29405499-1_l_2.jpg,生命的功课（亚马逊高分推荐，美国版《西藏生死书》，乔布斯：“...,98条评论,[美]拉姆・达斯 [美]米拉拜・布什,2022-06-01,湖南人民出版社,98次,¥29.00,,
96.,http://img3m6.ddimg.cn/83/20/25138856-1_l_6.jpg,马尔克斯：百年孤独（50周年纪念版）,2089296条评论,加西亚・马尔克斯 著，新经典 出品,2017-08-01,南海出版公司,22095次,¥39.60,,¥24.99
97.,http://img3m5.ddimg.cn/73/19/29397925-1_l_2.jpg,视觉传达设计手绘与快题基础,128条评论,新蕾艺术学院,2022-04-26,华中科技大学出版社,98次,¥49.00,,
98.,http://img3m5.ddimg.cn/7/10/29374495-1_l_14.jpg,大话中国艺术史（句句有梗，一口气读完10000年中国艺术史。艺术头...,104401条评论,意公子；读客文化 出品,2022-03-01,海南出版社,573次,¥59.00,,¥49.99
99.,http://img3m8.ddimg.cn/39/25/650101458-1_l_4.jpg,四年级上册快乐读书吧书目全4册中国古代神话故事  山海经儿童版 ...,648条评论,立人,2020-02-01,天地出版社,430次,¥34.00,,
100.,http://img3m1.ddimg.cn/90/3/29388141-1_l_1.jpg,内在和解（你压力大是因为不会巧用心理学！35年+心理实践，70+案...,112条评论,[美]克里斯多夫・柯特曼  [美]哈洛・辛尼斯基,2022-06-01,湖南人民出版社,89次,¥29.00,,
101.,http://img3m8.ddimg.cn/88/35/690741898-1_l_5.jpg,五年级上册快乐读书吧 全套4册非洲民间故事+中国民间故事+欧洲民...,303条评论,程晓琼,2018-02-01,吉林大学出版社、山东美术出版社,242次,¥36.00,,
102.,http://img3m8.ddimg.cn/58/0/689916208-1_l_4.jpg,四年级上册快乐读书吧 全套4册 中国古代神话故事+希腊神话+世界神...,188条评论,程晓琼等,2018-02-01,吉林大学出版社 山东美术出版社,166次,¥32.80,,
103.,http://img3m6.ddimg.cn/43/36/29389876-1_l_15.jpg,阅读的方法（罗胖罗振宇的新书来了！这本书里有让你爱上阅读的方...,60774条评论,"罗振宇 著,得到图书 出品",2022-04-15,新星出版社,353次,¥49.00,,
104.,http://img3m6.ddimg.cn/92/18/29406656-1_l_12.jpg,长得好看能当饭吃吗(掌握生活的底层逻辑，让认知觉醒，努力向上生...,90条评论,谢宗博,2022-05-20,新世界出版社,88次,¥39.00,,
105.,http://img3m5.ddimg.cn/48/6/27925275-1_l_20.jpg,圆圈正义,74401条评论,罗翔,2019-08-07,中国法制出版社,739次,¥23.00,,
106.,http://img3m0.ddimg.cn/83/2/29199440-1_l_22.jpg,文城（余华新书，时隔8年重磅归来，《活着》之后又一精彩力作）,315642条评论,余华  著 ， 新经典  出品,2021-03-03,北京十月文艺出版社,2991次,¥29.50,,¥50.00
107.,http://img3m2.ddimg.cn/62/32/25119332-1_l_18.jpg,东野圭吾：白夜行（易烊千玺、孟非推荐，东野圭吾作品无冕之王）,1953565条评论,[日]东野圭吾 著，新经典 出品,2017-08-09,南海出版公司,23551次,¥29.80,,¥19.99
108.,http://img3m2.ddimg.cn/81/6/29179242-1_l_3.jpg,环球网校课程卡（赠品   不含司法考试）,77989条评论,全国一级建造师执业资格考试命题研究中心,2021-01-22,,481次,¥880.00,,
109.,http://img3m2.ddimg.cn/0/27/28473192-1_l_15.jpg,你当像鸟飞往你的山（中文版销量超200万册，比尔・盖茨年度特别推...,1332486条评论,塔拉 ・ 韦斯特弗  著 ， 新经典  出品,2019-11-01,南海出版公司,10410次,¥34.80,,¥24.90
110.,http://img3m5.ddimg.cn/59/5/29390585-1_l_7.jpg,【赠明信片】大中华寻宝系列29 内蒙古寻宝记,19404条评论,京鼎动漫,2022-04-01,二十一世纪出版社,153次,¥22.60,,
111.,http://img3m6.ddimg.cn/32/11/29396696-1_l_7.jpg,职业重塑:四步完成生涯转型,574条评论,廖舒祺 著,2022-04-01,机械工业出版社,94次,¥51.00,,
112.,http://img3m8.ddimg.cn/27/24/29281158-1_l_25.jpg,置身事内：中国政府与经济发展（罗永浩、罗振宇、何帆、刘格菘、...,91046条评论,兰小欢 著,2021-08-01,上海人民出版社,673次,¥32.50,,¥16.99
113.,http://img3m8.ddimg.cn/42/34/29389578-1_l_8.jpg,东野圭吾：透明的螺旋（东野圭吾新书，《嫌疑人X的献身》系列新作...,9233条评论,（日）东野圭吾  著 ， 新经典  出品,2022-04-01,南海出版公司,174次,¥24.50,,¥39.99
114.,http://img3m1.ddimg.cn/62/23/1660367771-1_l_13.jpg,五年级上册快乐读书吧3册中国民间故事集非洲民间故事欧洲民间故事...,778条评论,冯影,2020-07-03,浙江教育出版社,237次,¥16.80,,
115.,http://img3m3.ddimg.cn/5/1/25207583-1_l_12.jpg,茅盾文学奖获奖作品：人世间（第十届茅盾文学奖获奖作品，雷佳音...,106782条评论,梁晓声,2017-11-01,中国青年出版社,1764次,¥154.70,,
116.,http://img3m2.ddimg.cn/16/24/28976722-1_l_45.jpg,心安即是归处（季羡林百年生命智慧。央视《朗读者》多次动情朗读...,347231条评论,季羡林 著，文通天下 出品,2020-08-01,古吴轩出版社,1962次,¥21.60,,¥24.50
117.,http://img3m3.ddimg.cn/76/28/29403373-1_l_19.jpg,县乡中国：县域治理现代化,268条评论,杨华,2022-04-12,中国人民大学出版社,73次,¥55.60,,
118.,http://img3m4.ddimg.cn/31/1/29152264-1_l_57.jpg,孩子读得懂的山海经（共3册）神话+神兽+异人国,208516条评论,兰梦醒 ，贺维芳 ，许萍萍 著，青鸟童书 出品,2020-11-04,北京理工大学出版社,6382次,¥169.00,,¥65.70
119.,http://img3m7.ddimg.cn/50/23/29413247-1_l_5.jpg,很感谢你能来，不遗憾你离开（当当享签名本+创意撕拉卡，宠粉回馈...,105条评论,初小轨 著  时代华语 出品,2022-06-01,长江文艺出版社,105次,¥21.00,,
120.,http://img3m5.ddimg.cn/46/27/29386315-1_l_8.jpg,同名同姓受害者协会（登场人物全员同名同姓！江户川乱步奖得主推...,13998条评论,[日] 下村敦史；虞侃 译；读客文化 出品,2022-03-30,文汇出版社,124次,¥22.50,,¥14.99
121.,http://img3m1.ddimg.cn/3/32/29404191-1_l_5.jpg,批评的锋芒,65条评论,郭大章 著，天河世纪 出品,2022-04-01,北京日报出版社,65次,¥43.80,,
122.,http://img3m6.ddimg.cn/0/32/29328156-1_l_14.jpg,时间从来不语，却回答了所有问题（文学大师季羡林百岁人生的智慧...,81131条评论,季羡林 著，紫图图书出品,2021-11-01,百花洲文艺出版社,770次,¥27.50,,¥9.99
123.,http://img3m4.ddimg.cn/7/29/29167684-1_l_31.jpg,心灵教科书绘本系列：西兰花先生的理发店（教会孩子：敢于打破常...,126238条评论,[日] 福田纯子/著绘 丁虹/译,2021-01-01,海豚出版社,502次,¥47.20,,
124.,http://img3m3.ddimg.cn/73/23/29362483-1_l_6.jpg,如何拥抱一只刺猬：恋爱与婚姻中的人格识别、接纳与付出,4873条评论,段鑫星,2022-02-01,人民邮电出版社,116次,¥29.90,,¥35.90
125.,http://img3m1.ddimg.cn/80/1/23778791-1_l_28.jpg,少年读史记（套装全5册）,1188441条评论,张嘉骅,2015-09-01,青岛出版社,27552次,¥95.00,,¥29.99
126.,http://img3m0.ddimg.cn/92/2/29409230-1_l_2.jpg,假如今天是生命的最后一天（日本知名心理咨询师翡翠小太郎对生命...,60条评论,[日]翡翠小太郎,2022-06-01,四川文艺出版社,60次,¥21.00,,¥19.90
127.,http://img3m8.ddimg.cn/97/10/11171941108-1_l_1.jpg,快乐读书吧四年级上册经典书目全套4册中国古代神话故事希腊神话山...,60条评论,冯影,2018-02-01,浙江教育出版社,60次,¥19.80,,
128.,http://img3m1.ddimg.cn/79/2/1645642231-1_l_11.jpg,三年级上册快乐读书吧全套3册三年级上册课外阅读书正版稻草人叶圣...,1836条评论,叶圣陶、安徒生、格林,2020-06-13,浙江教育出版社,150次,¥22.80,,
129.,http://img3m8.ddimg.cn/49/13/28989328-1_l_4.jpg,理想国（商务印书馆汉译名著权威全译本，精装典藏版）,91203条评论,柏拉图 著；郭斌和 张竹明 译,2020-06-01,商务印书馆,536次,¥34.00,,
130.,http://img3m1.ddimg.cn/52/33/29386321-1_l_7.jpg,就喜欢你看不惯我又干不掉我的样子6（白茶著 亲笔签名本+吾皇、巴...,26833条评论,白茶,2022-04-01,人民文学出版社,427次,¥45.00,,
131.,http://img3m5.ddimg.cn/38/36/648009785-1_l_6.jpg,现货正版 易经真的很容易 曾仕强刘君政著讲解64卦系列丛书易经入...,16887条评论,曾仕强，刘君政,2012-06-01,陕西师范大学出版社,366次,¥24.00,,
132.,http://img3m9.ddimg.cn/69/34/29128839-1_l_11.jpg,暖房子・屁屁侦探系列（套装共7册）,106855条评论,【日】Troll/文、图 甜老虎 黄春琦 译,2020-07-01,海豚出版社,473次,¥57.50,,
133.,http://img3m3.ddimg.cn/12/13/29406873-1_l_12.jpg,人间清醒：底层逻辑和顶层认知 水木然新书,59条评论,水木然,2022-06-01,浙江人民出版社,57次,¥29.00,,¥39.99
134.,http://img3m6.ddimg.cn/54/21/27942606-1_l_3.jpg,跟着诗词去旅行 图说天下 寻梦之旅,187240条评论,郝娟菡,2019-09-01,四川人民出版社,887次,¥20.40,,
135.,http://img3m4.ddimg.cn/51/24/29383944-1_l_3.jpg,南明史（全2册）（内斗就要亡国，亡国也要内斗！从南明的灭亡，看...,53702条评论,顾诚；读客文化 出品,2022-03-01,北京日报出版社,276次,¥64.90,,¥129.90
136.,http://img3m4.ddimg.cn/25/30/27869614-1_l_16.jpg,世界尽头的咖啡馆（做决定前读一遍，少走弯路！美国57所高校指定...,148997条评论,约翰・史崔勒基， 译者 万洁，果麦文化 出品,2019-05-01,天津人民出版社,1891次,¥22.50,,
137.,http://img3m6.ddimg.cn/10/7/29409346-1_l_16.jpg,业务为本：华为和阿里的HRBP价值创造三层十二式,55条评论,襄阳郭丹 著,2022-05-30,机械工业出版社,55次,¥96.70,,¥77.40
138.,http://img3m9.ddimg.cn/26/8/29346299-1_l_12.jpg,名画里看世界 给孩子能读懂的美学科普 精装版,54633条评论,钟华,2022-01-01,北京联合出版有限公司,288次,¥30.00,,
139.,http://img3m9.ddimg.cn/14/18/29411429-1_l_9.jpg,朱光潜解惑三书（不辜负世界的恢弘和人生的丰富，不勉强所有人都...,52条评论,朱光潜 著 时代华语 出品,2022-06-01,北京联合出版有限公司,52次,¥74.70,,
140.,http://img3m9.ddimg.cn/77/23/25295369-1_l_37.jpg,云边有个小卖部（陆定昊诚挚推荐，随书附赠云边镇四季明信片和张...,1350170条评论,"张嘉佳 著,博集天卷 出品",2018-07-01,湖南文艺出版社,19680次,¥28.70,,¥9.99
141.,http://img3m1.ddimg.cn/84/7/29325171-1_l_22.jpg,如果历史是一群喵9・五代十国篇,58395条评论,肥志著 漫友文化出品,2021-10-01,广东旅游出版社,449次,¥40.70,,
142.,http://img3m4.ddimg.cn/56/26/29390384-1_l_3.jpg,哭泣的非洲象：图拉图拉的大象和我的非洲原野生活（畅销欧美的生...,55条评论,【南非】劳伦斯・安东尼、【英】格雷厄姆?斯彭斯 著,2022-03-01,民主与建设出版社,51次,¥44.30,,
143.,http://img3m1.ddimg.cn/44/2/29390471-1_l_12.jpg,所有的哲学都在人生里（诺奖得主写给普通人的人生问题解答书，罗...,70条评论,【英】伯特兰・罗素 著,2022-04-01,花山文艺出版社,52次,¥26.40,,
144.,http://img3m4.ddimg.cn/80/30/29318534-1_l_14.jpg,【现货速发】肖秀荣2023年考研政治1000题（上册试题，下册解析，...,116447条评论,肖秀荣,2022-06-01,国家开放大学出版社,55次,¥53.00,,
145.,http://img3m8.ddimg.cn/12/6/29397468-1_l_9.jpg,建安十三年(《三国英雄记》《三国冷知识》《三国全史》作者 南门...,56条评论,南门太守,2022-05-06,华文出版社,52次,¥34.00,,
146.,http://img3m9.ddimg.cn/97/34/29398939-1_l_22.jpg,【随机金属贴纸+手写信+书单】梁永安：阅读、游历和爱情（宝藏教...,722条评论,梁永安,2022-05-01,北京时代华文书局,71次,¥29.40,,¥16.90
147.,http://img3m4.ddimg.cn/5/25/29394194-1_l_3.jpg,货币文化史Ⅰ：希腊罗马时期钱币的诞生与权力象征 国内shou套世界...,50条评论,[美]比尔・莫勒 主编，[德]斯特凡・克姆尼切克 编，侯宇 译，王班班 校译,2022-03-15,文汇出版社,50次,¥63.30,,
148.,http://img3m0.ddimg.cn/0/29/29382210-1_l_11.jpg,手斧男孩系列（全6册，随书赠送“野营高频口哨”一只，颜色随机）...,442条评论,[美]盖瑞・伯森     译者：陈芳芳、王怡康、王敏,2022-03-23,接力出版社,84次,¥203.00,,
149.,http://img3m3.ddimg.cn/42/25/29335623-1_l_14.jpg,这么好玩的物理 我是学霸 给孩子的物理启蒙科普绘本,56929条评论,项华,2021-11-01,北京联合出版有限公司,191次,¥31.20,,
150.,http://img3m8.ddimg.cn/89/27/683574398-1_l_4.jpg,童年高尔基  爱的教育+小英雄雨来管桦 全套3册 六年级上册快乐读...,189条评论,管桦、高尔基等,2018-02-01,天地出版社,147次,¥29.00,,
151.,http://img3m1.ddimg.cn/75/26/29117361-1_l_11.jpg,东野圭吾：解忧杂货店（胡歌、王俊凯、刘昊然倾情推荐，简体中文...,2485029条评论,（日）东野圭吾  著， 新经典  出品,2020-09-01,南海出版公司,1276次,¥29.50,,¥19.99
152.,http://img3m0.ddimg.cn/22/17/23665180-1_l_21.jpg,青铜葵花（当当网定制版）,274924条评论,曹文轩,2015-03-01,天天出版社有限责任公司,4444次,¥22.30,,
153.,http://img3m0.ddimg.cn/75/30/22917090-1_l_11.jpg,八次危机：中国的真实经验1949-2009,66436条评论,温铁军等著,2013-01-01,东方出版社,918次,¥33.00,,
154.,http://img3m6.ddimg.cn/45/26/29144556-1_l_9.jpg,心若菩提(增订本),101186条评论,曹德旺 著,2020-10-01,人民出版社,1003次,¥51.40,,
155.,http://img3m7.ddimg.cn/57/36/23946177-1_l_54.jpg,我们的身体,599836条评论,[法]艾德兰  文，[法]巴尔博里尼  绘，乐乐趣  出品,2012-06-01,未来出版社,13384次,¥68.20,,
156.,http://img3m0.ddimg.cn/62/10/28973600-1_l_7.jpg,万物由来科学绘本 写给孩子的科普绘本,352618条评论,项华,2020-08-01,北京联合出版有限公司,977次,¥13.00,,
157.,http://img3m1.ddimg.cn/22/12/29165521-1_l_14.jpg,半小时漫画中国史1-5（全5册）（中国史大结局！笑着笑着，大清就...,89267条评论,陈磊 著;读客文化 出品,2020-12-31,文汇出版社,489次,¥109.70,,
158.,http://img3m6.ddimg.cn/80/31/29410406-1_l_20.jpg,今天休息一下（亚洲高人气作家孙力灿畅销代表作，韩国畅销书排行...,49条评论,（韩）孙力灿 著 ，孟锐涵 译，白马时光 出品,2022-06-01,百花洲文艺出版社,49次,¥24.90,,
159.,http://img3m1.ddimg.cn/61/10/29395141-1_l_1.jpg,给孩子的成长散文（茅盾文学奖得主《白鹿原》作者陈忠实作品，语...,48条评论,陈忠实,2022-04-01,花山文艺出版社,48次,¥47.00,,
160.,http://img3m7.ddimg.cn/85/14/29403877-1_l_8.jpg,佛畏系统：用系统思维全面提升你的决策力（大多数人靠努力获得短...,55条评论,万维钢 著，得到图书 出品,2022-05-19,新星出版社,55次,¥49.00,,
161.,http://img3m0.ddimg.cn/74/5/29367830-1_l_34.jpg,望江南（你一句春不晚，我就到了真江南。茅奖得主王旭烽，沉潜26...,21790条评论,王旭烽,2022-03-01,浙江文艺出版社,226次,¥37.40,,
162.,http://img3m6.ddimg.cn/15/33/25298376-1_l_61.jpg,小王子（罗翔老师推荐阅读，李继宏口碑译作，作者基金会官方认证...,1513789条评论,（法）安托万・德・圣埃克苏佩里，译者 李继宏，果麦文化 出品,2018-06-03,天津人民出版社,3878次,¥19.90,,¥3.00
163.,http://img3m0.ddimg.cn/33/5/29409270-1_l_9.jpg,二年级暑假作业 阅读理解口算卡练字帖练习册(共3册) 暑假衔接2升...,780条评论,叶咏梅，叶学珍,2022-06-01,团结出版社,51次,¥74.80,,
164.,http://img3m8.ddimg.cn/31/3/29409268-1_l_9.jpg,一年级暑假作业 阅读理解口算卡练字帖练习册(共3册) 暑假衔接1升...,820条评论,吴汐，舒丽慧,2022-06-01,团结出版社,51次,¥74.80,,
165.,http://img3m2.ddimg.cn/24/8/689811432-1_l_7.jpg,素书：感悟传世奇书中的成功智慧 黄石公 9787511320506 中国华侨...,7271条评论,黄石公,2012-08-01,中国华侨出版社,140次,¥18.00,,
166.,http://img3m1.ddimg.cn/7/2/29386771-1_l_1.jpg,卡内基奖入围系列套装：（纸崩+唤鲨人）蓝彼得童书奖候选图书，获...,46条评论,（英）丽莎・威廉森，（英）齐拉・贝瑟尔 著，王紫薇 译，白马时光 出品,2021-01-01,百花洲文艺出版社,45次,¥78.30,,
167.,http://img3m8.ddimg.cn/13/3/11052898078-1_l_3.jpg,全套4册 汤姆索亚历险记 六年级课外阅读书籍下册原著鲁滨逊漂流记...,141条评论,马克吐温、丹尼尔笛福 ，等,2020-02-01,浙江教育出版社,120次,¥24.50,,
168.,http://img3m3.ddimg.cn/80/15/29306753-1_l_12.jpg,底层逻辑：看清这个世界的底牌,92813条评论,刘润,2021-10-01,机械工业出版社,562次,¥41.40,,¥40.00
169.,http://img3m7.ddimg.cn/80/16/29413277-1_l_11.jpg,成也薪酬 败也薪酬――让老板发的每一分工资都有效（给老板的薪酬...,45条评论,舒瀚霆,2022-05-01,电子工业出版社,46次,¥49.00,,¥46.80
170.,http://img3m1.ddimg.cn/64/25/29402371-1_l_7.jpg,点点冒险故事系列(全7册，J.K.罗琳传记中自幼阅读的桥梁书，帮孩...,44条评论,[英]伊妮德・布莱顿,2022-05-01,北京联合出版有限公司,44次,¥137.10,,
171.,http://img3m6.ddimg.cn/39/17/27931206-1_l_580.jpg,人间值得（90岁心理医生恒子奶奶写给生活的哲思小书。十点读书、...,568772条评论,[日]中村恒子（恒子奶奶）著，紫图图书  出品,2019-09-01,北京日报出版社,7146次,¥24.90,,¥0.99
172.,http://img3m7.ddimg.cn/91/21/25261327-1_l_16.jpg,米小圈上学记一年级（套装共4册）,607335条评论,北猫,2018-04-01,四川少年儿童出版社,24810次,¥92.00,,
173.,http://img3m1.ddimg.cn/58/21/29380981-1_l_10.jpg,历史太好玩了！古代帝王群聊・唐朝篇（全2册）：像交朋友一样认识...,141条评论,仙仙 著；姜东星 绘,2022-03-01,中国致公出版社,56次,¥49.50,,
174.,http://img3m7.ddimg.cn/49/25/25238317-1_l_10.jpg,山茶文具店（陆定昊诚挚推荐，日本畅销作家小川糸备受好评暖心之...,189637条评论,"小川糸 著,博集天卷 出品",2018-03-31,湖南文艺出版社,2130次,¥24.90,,¥8.99
175.,http://img3m3.ddimg.cn/68/8/29194673-1_l_29.jpg,大语文那些事儿（全6册）大语文时代，得语文者得天下。字词、作文...,106307条评论,赵旭,2020-10-01,北京理工大学出版社,729次,¥158.00,,
176.,http://img3m1.ddimg.cn/34/6/29409271-1_l_12.jpg,三年级暑假作业 阅读理解口算卡练字帖练习册(共3册) 暑假衔接3升...,547条评论,吴晓珍，陈理,2022-06-01,团结出版社,44次,¥74.80,,
177.,http://img3m2.ddimg.cn/96/32/25285092-1_l_4.jpg,天才在左 疯子在右(全新完整版),1506927条评论,高铭 著，磨铁图书 出品,2018-05-01,北京联合出版有限公司,6655次,¥49.80,,¥5.99
178.,http://img3m1.ddimg.cn/11/17/29401031-1_l_3.jpg,在岁月中远行（当当专享印签版，俞敏洪重磅新作，人生起伏下的心...,5953条评论,"俞敏洪 著,博集天卷 出品",2022-05-01,新星出版社,1125次,¥34.00,,
179.,http://img3m8.ddimg.cn/73/8/29211508-1_l_20.jpg,追风筝的人（李雪琴、高圆圆动情推荐，《纽约时报》畅销书榜上榜...,1058100条评论,[美]卡勒德・胡赛尼（Khaled Hosseini） 著，李继宏 译,2006-05-01,上海人民出版社,606次,¥22.50,,¥7.19
180.,http://img3m8.ddimg.cn/38/0/23878838-1_l_8.jpg,米小圈脑筋急转弯（第一辑）（套装共4册）,640902条评论,北猫,2016-01-01,四川少年儿童出版社,45036次,¥28.20,,
181.,http://img3m4.ddimg.cn/48/6/11149060674-1_l_3.jpg,高效学习：学习高手的10个学习习惯 学习方法 给孩子的学习手册 逻...,39条评论,达夫,2021-09-01,中国华侨出版社,39次,¥15.00,,
182.,http://img3m6.ddimg.cn/41/15/29402546-1_l_11.jpg,有解：高效解决问题的关键7步,184条评论,奉湘宁，顾淑伟,2022-05-01,人民邮电出版社,53次,¥39.80,,¥41.80
183.,http://img3m2.ddimg.cn/94/13/29408242-1_l_3.jpg,超级食物（不药而愈的神奇力量，掀起全球饮食革命的超级食物，助...,41条评论,[美]达林?奥利恩（Darin Olien）著，紫图图书出品,2022-05-28,科学技术文献出版社,41次,¥45.44,,¥12.99
184.,http://img3m3.ddimg.cn/92/4/28541693-1_l_14.jpg,画给孩子的二十四节气 : 精装彩绘本（中国第五大发明，非物质文化...,99761条评论,施英巍著 知书达礼 出品,2020-04-01,吉林美术出版社,480次,¥29.00,,
185.,http://img3m8.ddimg.cn/34/15/26510848-1_l_6.jpg,走遍中国 图说天下 寻梦之旅,472172条评论,霍晨昕,2019-02-01,四川人民出版社,1567次,¥20.40,,
186.,http://img3m2.ddimg.cn/64/20/29408212-1_l_4.jpg,好好养肝：今日毒今日解（百病从肝生，养肝就是养命。76道适合中...,38条评论,庄雅惠著，紫图图书出品,2022-05-01,科学技术文献出版社,38次,¥45.50,,
187.,http://img3m6.ddimg.cn/6/2/29398056-1_l_2.jpg,中国古代战争的地理枢纽（重磅经典，全新修订版，豆瓣热门军事类...,453条评论,宋杰,2022-04-01,北京科学技术出版社,42次,¥97.40,,
188.,http://img3m1.ddimg.cn/6/9/21055821-1_l_2.jpg,我与地坛（纪念版）,276812条评论,史铁生,2011-06-01,人民文学出版社,2475次,¥16.00,,
189.,http://img3m2.ddimg.cn/82/20/29351602-1_l_17.jpg,枪炮、病菌与钢铁（赠解读册）,29651条评论,贾雷德・戴蒙德 Jared Diamond,2022-01-14,中信出版社,220次,¥58.00,,¥49.99
190.,http://img3m1.ddimg.cn/9/22/102771-1_l_8.jpg,红楼梦原著版（上、下册，全两册，全本120回）（团购电话:400-10...,602498条评论,曹雪芹,2013-01-01,人民文学出版社,8892次,¥34.00,,¥36.00
191.,http://img3m2.ddimg.cn/84/30/29405262-1_l_1.jpg,咚咚咚，敲响科学的门（全35册）（大师大奖大套系科普绘本，知名...,37条评论,徐天锡等 著，白马时光 出品,2022-01-01,天津人民美术出版社,37次,¥623.00,,
192.,http://img3m3.ddimg.cn/6/33/29407263-1_l_1.jpg,徐徐诱之（北倾“暗恋”系列酸甜季，新增小剧场番外3则。又苏又强...,38条评论,北倾 著，白马时光出品,2022-06-01,江苏凤凰文艺出版社,38次,¥48.20,,
193.,http://img3m0.ddimg.cn/45/16/29354040-1_l_12.jpg,恶意（东野圭吾四大杰作之一。最大的恶意不是杀了你，而是毁了你...,821386条评论,东野圭吾  著 ，新经典  出品,2022-01-01,南海出版公司,121次,¥40.70,,¥35.40
194.,http://img3m6.ddimg.cn/82/22/29242306-1_l_11.jpg,道德经（中华经典名著全本全注全译-三全本）,22275条评论,张景，张松辉  译注,2021-05-15,中华书局,344次,¥24.40,,¥18.00
195.,http://img3m7.ddimg.cn/53/2/29277917-1_l_5.jpg,狂人日记：鲁迅小说全集（1938年复社底本，中国白话小说开山之作...,77226条评论,鲁迅,2021-08-01,中国友谊出版公司,380次,¥30.70,,¥15.92
196.,http://img3m1.ddimg.cn/48/25/29180001-1_l_22.jpg,在峡江的转弯处：陈行甲人生笔记（南方周末、万圣书园2021十大好...,73950条评论,陈行甲,2021-01-26,人民日报出版社,854次,¥23.50,,
197.,http://img3m7.ddimg.cn/93/13/29309637-1_l_18.jpg,和爸爸一起科学启蒙绘本（全8册+66个彩蛋，歪歪兔出品）,16292条评论,关航  文；徐敏君绘,2021-10-01,海豚出版社,308次,¥75.00,,
198.,http://img3m7.ddimg.cn/66/27/22765017-1_l_22.jpg,理想国,298560条评论,柏拉图,2012-05-01,中国华侨出版社,3059次,¥17.50,,
199.,http://img3m4.ddimg.cn/32/28/22819334-1_l_7.jpg,围城,1205647条评论,钱钟书　著,1991-02-01,人民文学出版社,12078次,¥23.00,,
200.,http://img3m7.ddimg.cn/77/26/28992227-1_l_22.jpg,绝叫（罗翔推荐，长达四十年的恶女编年史，日本文学社会派推理小...,62067条评论,叶真中显 著 林佩瑾 译 联合读创 出品,2020-07-01,北京联合出版有限公司,680次,¥29.00,,¥9.99
201.,http://img3m6.ddimg.cn/14/34/28994936-1_l_8.jpg,晚熟的人（莫言新书）,334603条评论,莫言,2020-07-01,人民文学出版社,2747次,¥36.60,,¥36.00
202.,http://img3m6.ddimg.cn/28/30/27941986-1_l_9.jpg,夏天、烟火和我的尸体（张震、田�D推荐。乙一16岁惊世成名作，高...,206066条评论,（日）乙一   著，  新经典   出品,2019-09-01,南海出版公司,1944次,¥22.50,,¥12.90
203.,http://img3m6.ddimg.cn/56/10/28535816-1_l_13.jpg,秋园（女性版《活着》，80岁素人作家不朽名篇，横扫国内十二项文...,48202条评论,杨本芬 |乐府文化,2020-06-01,北京联合出版有限公司,449次,¥19.00,,
204.,http://img3m0.ddimg.cn/57/28/28973100-1_l_9.jpg,理想国（2020全译本，西方哲学的源头，清华大学、北京大学图书馆...,44623条评论,（古希腊）柏拉图著  张俊译 知书达礼 出品,2020-07-01,民主与建设出版社,314次,¥28.00,,¥9.40
205.,http://img3m4.ddimg.cn/43/26/29335624-1_l_5.jpg,疯狂的化学 我是学霸 给孩子的趣味化学启蒙绘本,42714条评论,郭元婕,2021-11-01,北京联合出版有限公司,184次,¥31.20,,
206.,http://img3m5.ddimg.cn/31/23/25308985-1_l_54.jpg,丰子恺万般滋味，都是生活,614942条评论,丰子恺,2018-09-01,华中科技大学出版社,12148次,¥16.40,,
208.,http://img3m2.ddimg.cn/53/11/29405132-1_l_5.jpg,青少年心理学漫画:岛・屿（套装共2册),36条评论,锄见编绘，漫友文化出品,2022-05-01,广东旅游出版社,36次,¥66.00,,
209.,http://img3m7.ddimg.cn/69/5/29365647-1_l_3.jpg,大话艺术史（全2册）（大话中国艺术史+大话西方艺术史。句句有梗...,7904条评论,意公子；读客文化 出品,2022-03-01,海南摄影美术出版社,107次,¥98.00,,¥118.00
210.,http://img3m7.ddimg.cn/63/32/29393757-1_l_17.jpg,鬼刀3 苍蓝 WLOP典藏插画作品集,947条评论,WLOP,2022-04-01,人民邮电出版社,40次,¥149.00,,
211.,http://img3m2.ddimg.cn/46/8/29124262-1_l_4.jpg,那个不为人知的故事,155387条评论,"Twentine 著,酷威文化 出品",2020-10-01,四川文艺出版社,1345次,¥21.00,,
212.,http://img3m9.ddimg.cn/25/29/25246609-1_l_22.jpg,乌合之众 : 大众心理研究（群体心理学创始人古斯塔夫・勒庞代表作...,696818条评论,(法) 古斯塔夫・勒庞 著，马晓佳 译,2018-04-06,民主与建设出版社,10819次,¥12.20,,
213.,http://img3m2.ddimg.cn/78/19/29392782-1_l_9.jpg,做对选择（如何在变化中持续保持领先）,63条评论,[美]艾伦・亚当森 [美]乔尔・斯特克尔 著 戴莎 译  时代华语 出品,2022-04-01,上海交通大学出版社,36次,¥28.00,,¥44.99
214.,http://img3m4.ddimg.cn/47/8/29402354-1_l_3.jpg,成交闭环（揭秘成交的底层逻辑）,37条评论,[美]莱恩・塞尔汉 著 苏健 译  时代华语 出品,2022-05-01,天津科学技术出版社,37次,¥27.50,,¥43.99
215.,http://img3m4.ddimg.cn/95/31/29391314-1_l_21.jpg,人生很短，我决定活得有趣,195条评论,李冰,2022-04-12,华中科技大学出版社,38次,¥19.90,,
216.,http://img3m0.ddimg.cn/32/3/29394320-1_l_4.jpg,实用写作完全指南：一本书解决71种职场与生活中的写作需求,48条评论,[加] 桑德拉・E. 兰姆   译  者：熊亭玉  后浪,2022-03-01,九州出版社,48次,¥66.00,,
217.,http://img3m1.ddimg.cn/79/2/25167661-1_l_6.jpg,红岩,666587条评论,罗广斌，杨益言,2017-09-01,中国青年出版社,10447次,¥22.70,,
218.,http://img3m8.ddimg.cn/14/27/25208978-1_l_3.jpg,房思琪的初恋乐园 （豆瓣9.2高分！数百万读者强烈共鸣的文学绝唱...,502114条评论,林奕含 著，磨铁图书 出品,2018-02-01,北京联合出版有限公司,6718次,¥45.00,,¥9.99
219.,http://img3m1.ddimg.cn/83/1/23323691-1_l_20.jpg,曹文轩文集典藏版（全7册）,404358条评论,曹文轩   著,2013-09-01,天天出版社有限责任公司,7574次,¥149.50,,
220.,http://img3m3.ddimg.cn/64/12/23394853-1_l_37.jpg,人生没什么不可放下：弘一法师的人生智慧（弘一法师彻悟一生的人...,155909条评论,宋默 著，文通天下 出品,2014-01-01,团结出版社,1477次,¥25.50,,¥14.90
221.,http://img3m7.ddimg.cn/96/8/28541697-1_l_17.jpg,画给孩子的中国历史 : 精装彩绘本（地图里的上下五千年，孩子拿起...,195816条评论,柳萍著 知书达礼 出品,2020-04-01,吉林美术出版社,797次,¥29.00,,
222.,http://img3m0.ddimg.cn/75/31/29404560-1_l_3.jpg,一种“有温度”的教学――幼儿园集体教学的生活化实践,33条评论,林媛媛 主编,2022-05-13,福建人民出版社,33次,¥35.00,,
223.,http://img3m2.ddimg.cn/18/33/28989792-1_l_3.jpg,《红星照耀中国》《长征》导练一本全（教辅专用）人民文学出版社,92526条评论,人民文学出版社,2020-07-01,人民文学出版社,671次,¥19.80,,
224.,http://img3m7.ddimg.cn/21/9/28531227-1_l_11.jpg,丰乳肥臀（莫言用情极深的长篇代表作，女性苦难史）,158803条评论,莫言,2020-03-01,浙江文艺出版社,665次,¥38.00,,
225.,http://img3m7.ddimg.cn/11/19/1641356057-1_l_5.jpg,【9.9包邮】孩子 为你自己读书 正面管教 如何说孩子才会听 青春期...,16742条评论,徐可夫,2020-03-01,吉林文史出版社,234次,¥9.90,,
226.,http://img3m0.ddimg.cn/64/6/23990140-1_l_46.jpg,正面管教(修订版),1939253条评论,[美] 简・尼尔森,2016-07-01,北京联合出版公司,13260次,¥19.00,,¥18.30
227.,http://img3m5.ddimg.cn/44/36/27942695-1_l_21.jpg,我不敢说，我怕被骂――邓超微博推荐的绘本 带给孩子更多勇气和自...,551552条评论,文：〔荷兰〕皮姆?范?赫斯特  图：〔荷兰〕妮可?塔斯马,2019-11-01,北京联合出版公司,1734次,¥35.40,,
228.,http://img3m0.ddimg.cn/5/33/29396570-1_l_1.jpg,53小学日记本,47条评论,曲一线,2022-05-01,,34次,¥1.10,,
229.,http://img3m4.ddimg.cn/15/36/29398164-1_l_6.jpg,夜航船（上下册）全本・全注・全译，集趣味性、知识性和故事性完...,34条评论,（明）张岱著，云山译，紫图图书出品,2022-04-26,天津人民出版社,34次,¥84.50,,
230.,http://img3m3.ddimg.cn/96/34/29384583-1_l_5.jpg,得体: 一看就会，一做就对的社交魔法图鉴,3549条评论,日本无微不至调查委员会,2022-01-01,北京联合出版有限公司,175次,¥37.00,,
231.,http://img3m2.ddimg.cn/84/29/29401302-1_l_5.jpg,【唐朝新书】价值投资实战手册 第二辑 （当当专享限量书签版）,528条评论,唐朝 著,2022-05-01,中国经济出版社,36次,¥51.80,,
232.,http://img3m6.ddimg.cn/51/16/29403546-1_l_6.jpg,中国式供应链管理――大国博弈时代的供应链战略与运营,32条评论,廖利军,2022-04-01,电子工业出版社,32次,¥29.50,,
233.,http://img3m6.ddimg.cn/97/35/29399236-1_l_10.jpg,秦岭记（贾平凹长篇笔记小说）,1435条评论,贾平凹,2022-05-01,人民文学出版社,59次,¥39.50,,¥35.00
234.,http://img3m4.ddimg.cn/73/20/29119834-1_l_12.jpg,认知觉醒：开启自我改变的原动力,61964条评论,周岭,2020-09-01,人民邮电出版社,553次,¥29.00,,¥21.99
235.,http://img3m5.ddimg.cn/9/33/25267185-1_l_4.jpg,俗世奇人（足本）（《语文》推荐阅读丛书）人民文学出版社,227746条评论,冯骥才,2018-04-01,人民文学出版社,2102次,¥27.70,,
236.,http://img3m8.ddimg.cn/25/32/28492918-1_l_15.jpg,枕上诗书系列  全4册套装（读ZUI美的诗，品ZUI深情的词，做更好的...,87790条评论,"徐若央，蓝风，赵小峦, 方慧颖",2019-12-01,现代出版社,649次,¥51.60,,
237.,http://img3m6.ddimg.cn/37/10/24079906-1_l_24.jpg,宫西达也恐龙系列全套7册（你看起来好像很好吃+我是霸王龙等）,528580条评论,宫西达也 文/图，杨文 晓晗 译,2016-11-01,２１世纪出版社,52526次,¥112.10,,
238.,http://img3m6.ddimg.cn/58/8/26490676-1_l_7.jpg,亲密关系：通往灵魂的桥梁（新版）：杨天真推荐，这本书告诉我们...,766290条评论,"（加）克里斯多福・孟 著,博集天卷 出品",2019-04-01,湖南文艺出版社,2502次,¥22.50,,
239.,http://img3m0.ddimg.cn/92/17/28479620-1_l_9.jpg,花婆婆――清华附小推荐的经典绘本！美国国家图书奖作品！,512293条评论,文/图：〔美〕芭芭拉库尼,2019-11-11,河北教育出版社,1820次,¥35.40,,
240.,http://img3m5.ddimg.cn/88/29/29396455-1_l_4.jpg,中国居民膳食指南（2022）,2271条评论,中国营养学会,2022-04-13,人民卫生出版社,71次,¥58.50,,
241.,http://img3m4.ddimg.cn/28/32/29400454-1_l_13.jpg,神奇点心店（1-8）（全8册，独家赠送官方授权神奇点心盲盒卡一套...,22546条评论,（日）广岛玲子 100层童书馆 出品,2022-04-01,北京科学技术出版社,34次,¥199.40,,
242.,http://img3m7.ddimg.cn/40/12/29409277-1_l_7.jpg,暑假阅读+口算题+应用题+练字贴五升六年级(共3册)2022小学语文数...,388条评论,卢霞，肖典，殷宇琦,2022-06-01,团结出版社,33次,¥74.80,,
243.,http://img3m8.ddimg.cn/80/33/29176568-1_l_27.jpg,沉默的大多数（爱智慧、爱自由、反对愚蠢，读王小波的“上头之选...,332234条评论,王小波  著 ， 新经典  出品,2021-01-01,北京十月文艺出版社,408次,¥29.50,,¥29.49
244.,http://img3m4.ddimg.cn/7/16/29409244-1_l_7.jpg,倦怠心理学：为什么你什么都不想做，什么都不愿想,32条评论,[美]罗伯特・博格（Robert Bogue） 特里・博格（Terri Bogue）,2022-05-12,中国人民大学出版社,32次,¥55.60,,
245.,http://img3m4.ddimg.cn/18/22/29400444-1_l_17.jpg,入口的东西和爱的人，要心花怒放才行（人生所求，不过饱餐与被爱...,129条评论,柒先生,2022-05-20,新世界出版社,51次,¥24.50,,
246.,http://img3m4.ddimg.cn/8/0/29389544-1_l_3.jpg,你是第三种绝色（新锐暖萌系作家顾了之浪漫新作，毒舌音乐才子vs...,54条评论,顾了之 著，白马时光 出品,2022-05-01,江苏凤凰文艺出版社,31次,¥34.90,,
247.,http://img3m6.ddimg.cn/52/18/29345236-1_l_5.jpg,苏联史丛书（5本套装）,535条评论,姚海 叶书宗 郑异凡 左凤荣 徐天新,2013-09-01,人民出版社,53次,¥370.90,,
248.,http://img3m5.ddimg.cn/88/30/25224595-1_l_30.jpg,大侦探福尔摩斯（第1辑）（全6册）,164479条评论,柯南・道尔 著；厉河 编；余远�B 绘；海豚传媒出品,2018-02-01,湖北教育出版社,1924次,¥101.50,,
249.,http://img3m8.ddimg.cn/52/33/29126248-1_l_11.jpg,月光落在左手上（精装珍藏版）,148586条评论,余秀华  著 ， 新经典  出品,2020-09-01,北京十月文艺出版社,426次,¥29.00,,¥28.99
250.,http://img3m2.ddimg.cn/46/31/25259302-1_l_25.jpg,银火箭少年科幻系列・第1辑（8册。“雨果奖”得主、三体作者刘慈...,649334条评论,刘慈欣、[英]赫伯特・乔治・威尔斯、[英]玛丽・雪莱等 著，小当当童书馆 出品,2018-04-02,浙江教育出版社,5653次,¥125.40,,
251.,http://img3m3.ddimg.cn/88/28/20989573-1_l_16.jpg,科幻世界・三体(一),344473条评论,刘慈欣，科幻世界出品,2008-01-01,重庆出版社,5750次,¥13.50,,¥12.99
252.,http://img3m6.ddimg.cn/30/34/29400456-1_l_2.jpg,神奇点心店（5-8）（全4册  欢迎光临钱天堂，“儿童版解忧杂货店...,619条评论,（日）广岛玲子 100层童书馆 出品,2022-04-01,北京科学技术出版社,35次,¥99.70,,
253.,http://img3m5.ddimg.cn/74/6/28987175-1_l_9.jpg,二十四节气自然绘本 让孩子了解自然的瞬息万变 科普百科绘本,199558条评论,肖克之,2020-08-01,北京联合出版有限公司,695次,¥54.40,,
254.,http://img3m4.ddimg.cn/37/9/29409274-1_l_13.jpg,暑假阅读+口算题+应用题+练字贴四升五年级(共3册)2022小学语文数...,548条评论,吴晓珍，李明芳,2022-06-01,团结出版社,32次,¥74.80,,
255.,http://img3m7.ddimg.cn/49/23/29406217-1_l_4.jpg,驻我心间【限量亲签版+定制表情包贴纸】殊娓甜宠新作,52条评论,殊娓,2022-06-01,江苏凤凰文艺出版社,52次,¥29.80,,
256.,http://img3m8.ddimg.cn/98/5/671828948-1_l_3.jpg,注音版儿童读物7 10岁 加油宝贝名家大奖系列幼儿园童话故事书大全...,193条评论,吕丽娜著 杨宗明绘,2020-02-01,海燕出版社,179次,¥40.48,,
257.,http://img3m6.ddimg.cn/66/35/29364456-1_l_8.jpg,汗青堂丛书103・魏晋南北朝：川胜义雄著 贵族制社会九品中正淝水...,5078条评论,川胜义雄,2022-01-01,九州出版社,127次,¥44.00,,
258.,http://img3m1.ddimg.cn/66/15/24175371-1_l_283.jpg,作家榜经典：月亮与六便士（全新未删节插图珍藏版！毛姆写给年轻...,1367585条评论,[英] 毛姆 著，作家榜经典名著 出品，徐淳刚（诗人） 译，大星文化，高更 绘,2017-01-10,浙江文艺出版社,14976次,¥17.90,,¥3.99
259.,http://img3m6.ddimg.cn/74/14/29191016-1_l_11.jpg,透过地理看历史,30513条评论,李不白,2021-01-13,台海出版社,369次,¥24.00,,
260.,http://img3m9.ddimg.cn/18/12/29379159-1_l_3.jpg,莫言的奇奇怪怪故事集（或许只有莫言这么大的脑洞，才能带你去人...,7915条评论,莫言；读客文化 出品,2022-03-01,江苏凤凰文艺出版社,100次,¥29.90,,
261.,http://img3m9.ddimg.cn/32/4/29409269-1_l_33.jpg,作家榜：悉达多（治愈焦虑的心灵之书！让你内心强大平静！全新未...,38条评论,[��] 赫尔曼・黑塞 著，作家榜经典名著 出品，李双志 译,2022-05-01,中信出版社,37次,¥19.90,,
262.,http://img3m8.ddimg.cn/61/18/25100818-1_l_10.jpg,红星照耀中国  青少版 八年级上册 人民文学出版社 团购电话40010...,708562条评论,埃德加・斯诺 著；董乐山 译,2017-06-01,人民文学出版社,19406次,¥29.40,,
263.,http://img3m6.ddimg.cn/50/13/29384636-1_l_23.jpg,停止你的内在战争,11778条评论,黄仕明,2022-05-01,民主与建设出版社,95次,¥34.00,,¥45.80
264.,http://img3m4.ddimg.cn/22/9/29340454-1_l_11.jpg,鱼没有脚（布克国际文学奖提名作品）,14261条评论,约恩・卡尔曼・斯特凡松,2021-12-24,四川文艺出版社,75次,¥49.80,,¥28.99
265.,http://img3m3.ddimg.cn/87/17/25261323-1_l_16.jpg,米小圈上学记二年级（套装共4册）,413714条评论,北猫,2018-04-01,四川少年儿童出版社,21875次,¥100.00,,
266.,http://img3m7.ddimg.cn/29/21/29404217-1_l_4.jpg,种豆南山,31条评论,刘够安 著，天河世纪 出品,2022-05-01,北京日报出版社,31次,¥44.00,,
267.,http://img3m4.ddimg.cn/75/5/29404164-1_l_34.jpg,镜中（迟子建、格非、毕飞宇、李洱、徐则臣等名家倾情推荐！一部...,125条评论,艾伟,2022-05-01,浙江文艺出版社,122次,¥25.20,,
268.,http://img3m4.ddimg.cn/70/14/23287444-1_l_7.jpg,资治通鉴（点校整理本，繁体竖排，全二十册）,20241条评论,[宋]司马光 编撰，胡三省 音注,2011-08-01,中华书局,1446次,¥382.20,,
269.,http://img3m2.ddimg.cn/96/31/29383692-1_l_27.jpg,作家榜：马未都讲透唐诗（用讲故事的方式讲述唐诗精髓，中小学生...,14057条评论,马未都 著，作家榜 出品,2022-03-01,浙江文艺出版社,115次,¥129.00,,
270.,http://img3m2.ddimg.cn/67/17/29270902-1_l_9.jpg,沧浪之水（某瓣8.5分，入围茅盾文学奖。职场小白、考公人的启蒙之...,119710条评论,阎真  著 ， 新经典  出品,2021-07-01,北京十月文艺出版社,261次,¥24.50,,
271.,http://img3m9.ddimg.cn/43/26/20086549-1_l_3.jpg,沉思录,357413条评论,马可.奥勒留 青豆书坊 出品,2008-02-01,中央编译出版社,2216次,¥10.00,,¥6.79
272.,http://img3m3.ddimg.cn/5/33/23685953-1_l_8.jpg,献给阿尔吉侬的花束 （新译本）,52858条评论,（美）丹尼尔凯斯,2015-04-01,广西师范大学出版社,629次,¥24.00,,¥7.99
273.,http://img3m4.ddimg.cn/56/23/29415134-1_l_4.jpg,心跳不听话（全2册）【限量特签+定制手写卡】臣年甜蜜新作,28条评论,臣年,2022-07-01,江苏凤凰文艺出版社,28次,¥49.80,,
274.,http://img3m1.ddimg.cn/6/34/20605371-1_l_9.jpg,权威定本四大名著： 红楼梦 三国演义  水浒传  西游记 当当网专享...,247270条评论,（清）曹雪芹　等著；（清）无名氏　续,2008-07-01,人民文学出版社,4363次,¥114.20,,
275.,http://img3m1.ddimg.cn/41/33/29308991-1_l_13.jpg,半小时漫画论语（孔子原来这么爱吐槽！看孔子和弟子们卖萌吐槽，...,49105条评论,陈磊・半小时漫画团队；读客文化 出品,2021-09-30,文汇出版社,484次,¥29.90,,¥16.99
276.,http://img3m3.ddimg.cn/93/28/11154566703-1_l_8.jpg,高效学习：学习高手的10个学习习惯 提高学习效率方法书,28条评论,达夫,2021-09-01,中国华侨出版社,28次,¥15.00,,
277.,http://img3m4.ddimg.cn/5/11/1489007624-1_l_6.jpg,孩子 为你自己读书 正面管教 如何说孩子才会听 青春期叛逆期孩子...,424条评论,徐可夫,2020-10-01,吉林文史出版社,31次,¥15.10,,
278.,http://img3m6.ddimg.cn/2/36/29284796-1_l_3.jpg,2022新高考化学真题全刷：基础1500题,4437条评论,陈金平 主编,2021-08-01,清华大学出版社,56次,¥47.40,,
279.,http://img3m5.ddimg.cn/71/21/29318525-1_l_8.jpg,肖秀荣2023考研政治知识点【精讲精练】 现货速发,102656条评论,肖秀荣,2022-03-30,国家开放大学出版社,70次,¥32.80,,
280.,http://img3m9.ddimg.cn/22/30/29295409-1_l_5.jpg,最温柔的教养（130则实用亲子用语范例，治愈童年的自己，温暖孩子...,66640条评论,吴恩瑛,2021-09-01,中信出版社,117次,¥38.70,,
281.,http://img3m2.ddimg.cn/77/28/29311502-1_l_4.jpg,少年读山海经（地理+神话+怪兽+奇闻+古文，套装 全3册 ）,27887条评论,刘兴诗,2021-10-01,青岛出版社,289次,¥95.00,,
282.,http://img3m5.ddimg.cn/98/7/23445575-1_l_10.jpg,万历十五年 一本好书 腾讯视频栏目推荐,811634条评论,黄仁宇,2006-06-01,生活.读书.新知三联书店,15057次,¥15.60,,
283.,http://img3m7.ddimg.cn/13/14/11141047777-1_l_21.jpg,【现货速发】如果历史是一群喵10 买1赠5【限量喵咪日程打卡本+精...,52条评论,肥志,2022-04-01,广东旅游出版社,30次,¥40.66,,
284.,http://img3m6.ddimg.cn/13/8/29361136-1_l_15.jpg,现代中国的形成（1600―1949）（中国近现代史知名学者李怀印新著...,5896条评论,李怀印,2022-02-01,广西师范大学出版社,154次,¥66.70,,
285.,http://img3m3.ddimg.cn/3/19/11149722543-1_l_1.jpg,人教版 九年级上册名著5本艾青诗选和水浒传原著正版简爱儒林外史...,27条评论,其他,2022-06-05,人民教育出版社,27次,¥150.00,,
286.,http://img3m3.ddimg.cn/60/20/11140383633-1_l_2.jpg,九年级名著 全12册 艾青诗选水浒传人教版简爱泰戈尔诗选初中生完...,27条评论,人民教育出版社,2021-05-01,人民教育出版社,27次,¥276.00,,
287.,http://img3m0.ddimg.cn/75/23/29409510-1_l_4.jpg,年糕日记（YouTube人气猫咪“年糕”成长记录大公开）云铲屎官的吸...,28条评论,［日］下仆,2022-06-01,四川文艺出版社,28次,¥21.00,,
288.,http://img3m6.ddimg.cn/48/22/29406216-1_l_6.jpg,帝台娇（全2册）【限量亲签版+定制透卡】,52条评论,画七,2022-06-01,江苏凤凰文艺出版社,52次,¥49.80,,
289.,http://img3m8.ddimg.cn/22/10/28531228-1_l_9.jpg,蛙（茅盾文学奖获奖作品，诺奖得主莫言畅销不衰的代表作；书写计...,116676条评论,莫言,2020-03-01,浙江文艺出版社,533次,¥35.20,,
290.,http://img3m2.ddimg.cn/2/23/20998892-1_l_49.jpg,小学生作文获奖作文1000篇 超65万读者好评！学校作文素材书 作文...,823739条评论,季小兵　主编,2020-03-01,首都师范大学出版社,11159次,¥30.00,,¥0.00
291.,http://img3m1.ddimg.cn/78/18/29180031-1_l_28.jpg,刘擎西方现代思想讲义（奇葩说导师、得到App主理人刘擎讲透西方思...,97641条评论,刘擎 著; 得到图书 出品,2021-01-17,新星出版社,535次,¥47.40,,
292.,http://img3m9.ddimg.cn/44/7/28553129-1_l_16.jpg,中华人民共和国民法典(32开压纹烫金版 附草案说明)2021年1月起正...,163574条评论,法律出版社,2020-06-01,法律出版社,2549次,¥7.20,,
293.,http://img3m5.ddimg.cn/44/3/29387105-1_l_9.jpg,盛夏（印特签版）畅销书作家木苏里热血青春力作！制冷机江添×小...,6475条评论,木苏里 著，白马时光 出品,2022-03-01,北京燕山出版社,142次,¥39.60,,
294.,http://img3m8.ddimg.cn/94/27/27859288-1_l_19.jpg,深见春夫超级想象力图画书（全15册）,198390条评论,深见春夫,2019-05-15,电子工业出版社,1110次,¥264.30,,
295.,http://img3m8.ddimg.cn/63/11/26186058-1_l_7.jpg,悉达多（译者姜乙翻译）【果麦经典】,95070条评论,[德]赫尔曼・黑塞，译者：姜乙，果麦文化 出品,2017-01-01,天津人民出版社,520次,¥16.00,,
296.,http://img3m0.ddimg.cn/46/13/29239300-1_l_7.jpg,流俗地（《亚洲周刊》2020年度十大小说，王德威、王安忆、董启章...,16298条评论,（马来）黎紫书  著 ， 新经典  出品,2021-04-01,北京十月文艺出版社,174次,¥27.50,,
297.,http://img3m6.ddimg.cn/94/6/29409826-1_l_23.jpg,写给孩子的积极心理学故事+好父母是孩子一生的朋友（套装共两册）...,26条评论,孙科、贾新超 未来教育工作室,2022-04-01,,26次,¥88.50,,
298.,http://img3m5.ddimg.cn/78/13/29262795-1_l_17.jpg,也许你该找个人聊聊（李松蔚审校并作序，心理学泰斗欧文・亚隆力...,73932条评论,[美]洛莉・戈特利布，译者 张含笑 ，果麦文化 出品,2021-06-01,上海文化出版社,891次,¥34.00,,¥29.99
299.,http://img3m8.ddimg.cn/35/20/28552328-1_l_7.jpg,米小圈脑筋急转弯（第二辑）(套装共4册）,129767条评论,北猫,2020-06-01,四川少年儿童出版社,1021次,¥28.20,,
300.,http://img3m4.ddimg.cn/39/14/25267314-1_l_5.jpg,骆驼祥子 全本（《语文》推荐阅读丛书）七年级下册推荐阅读 人民...,190443条评论,老舍,2018-04-01,人民文学出版社,6206次,¥25.70,,¥13.00
301.,http://img3m3.ddimg.cn/19/12/23298283-1_l_29.jpg,宝葫芦的秘密(中小学生课外阅读指导丛书)无障碍阅读 彩插励志版 ...,237955条评论,张天翼著,2021-04-01,南方出版社,2522次,¥8.10,,
302.,http://img3m5.ddimg.cn/86/11/29384375-1_l_16.jpg,孔子来了！―论语可以这样读（孔子真有趣！在捧腹大笑间读懂《论...,938条评论,大梁如姬著；徐艺明绘；歪歪兔童书出品,2022-04-01,海豚出版社,133次,¥48.90,,
303.,http://img3m6.ddimg.cn/34/34/25289386-1_l_24.jpg,小王子（原版精美插图，傅雷翻译出版奖得主郑克鲁法文直译。揭秘...,229049条评论,(法) 圣埃克苏佩里、郑克鲁译,2018-07-19,浙江工商大学出版社,2730次,¥22.10,,
304.,http://img3m6.ddimg.cn/53/28/29355236-1_l_11.jpg,原则2：桥水创始人瑞・达利欧著 应对变化中的世界秩序,12895条评论,[美]瑞・达利欧（Ray Dalio）,2022-01-31,中信出版社,97次,¥109.20,,¥99.99
305.,http://img3m5.ddimg.cn/52/9/29393845-1_l_14.jpg,纳瓦尔宝典：从白手起家到财务自由，硅谷知名天使投资人纳瓦尔智...,1786条评论,埃里克・乔根森,2022-05-31,中信出版社,30次,¥51.00,,¥47.60
306.,http://img3m9.ddimg.cn/89/8/25283699-1_l_5.jpg,钢铁是怎样炼成的(《语文》推荐阅读丛书)人民文学出版社,130646条评论,（苏）尼・奥斯特洛夫斯基,2018-06-01,人民文学出版社,1943次,¥35.60,,¥18.00
307.,http://img3m0.ddimg.cn/59/31/28522850-1_l_4.jpg,霍乱时期的爱情（《百年孤独》作者马尔克斯传世巨著，展示爱情的...,834852条评论,（哥伦比亚）加西亚 ・ 马尔克斯  著 ， 新经典  出品,2020-03-01,南海出版公司,1628次,¥49.60,,¥24.99
308.,http://img3m9.ddimg.cn/92/20/25352309-1_l_23.jpg,拼音真好玩（全彩6册）（从幼小衔接到一年级，拼音学习启蒙书，附...,268440条评论,周霞 著 段张取艺 绘,2018-10-15,电子工业出版社,2739次,¥47.50,,
309.,http://img3m2.ddimg.cn/2/29/29337662-1_l_7.jpg,米小圈漫画成语（第二辑）（套装共5册）,13164条评论,北猫,2021-12-01,四川少年儿童出版社,126次,¥52.80,,
310.,http://img3m6.ddimg.cn/93/8/29117676-1_l_40.jpg,价值：我对投资的思考 （高瓴资本创始人兼首席执行官张磊力作，团...,184724条评论,张磊 著 湛庐文化 出品,2020-09-30,浙江教育出版社,1263次,¥76.10,,¥13.99
311.,http://img3m3.ddimg.cn/48/2/11149715163-1_l_2.jpg,素书：感悟传世奇书中的成功智慧 黄石公 9787511320506 中国华侨...,25条评论,黄石公,2012-08-01,中国华侨出版社,25次,¥18.00,,
312.,http://img3m3.ddimg.cn/22/13/11149722463-1_l_1.jpg,中国历史百科全书+世界历史百科全书 中国的历史书籍 世界历史全球...,25条评论,其他,2022-06-05,中国书店,25次,¥568.00,,
313.,http://img3m3.ddimg.cn/23/11/1481636003-1_l_2.jpg,牛津高阶英汉双解词典 第9版 正版 牛津高阶英汉双解词典（第9版）...,390条评论,[英]霍恩比 原著，李旭影 等译,2018-03-01,商务印书馆,31次,¥144.00,,
314.,http://img3m3.ddimg.cn/26/35/11149727813-1_l_1.jpg,八年级课外名著红星照耀中国昆虫记傅雷家书钢铁是怎样炼成的正版...,25条评论,其他,2022-06-05,人民教育出版社+百花洲文艺出版社,25次,¥79.00,,
315.,http://img3m3.ddimg.cn/70/34/11156333533-1_l_2.jpg,2022版 个税个人所得税实操手册 读懂个人所得税政策实操案例解读...,25条评论,社梅松讲税编委会,2022-01-01,立信会计出版,25次,¥105.00,,
316.,http://img3m3.ddimg.cn/28/13/11149728013-1_l_2.jpg,全套7册九年级上册名著水浒传原著正版初中生人教版初三课外阅读书...,25条评论,其他,2022-06-05,人民教育出版社,25次,¥160.00,,
317.,http://img3m3.ddimg.cn/8/10/11149722053-1_l_1.jpg,初中生课外书名著 十二本人教版初中课外阅读书籍 全14册简爱骆驼...,25条评论,其他,2022-06-05,人民教育出版社,25次,¥328.00,,
318.,http://img3m1.ddimg.cn/62/9/29398211-1_l_6.jpg,椰子油万用事典（提高免疫力、远离易胖体质、保持冻龄不显老）,46条评论,[日]对马琉璃子?、柴田真希、市野小织监修，紫图图书出品,2022-04-26,科学技术文献出版社,31次,¥29.95,,¥12.99
319.,http://img3m4.ddimg.cn/47/26/29253854-1_l_2.jpg,打开孩子世界的100个问题：有趣的亲子对话魔法,1237条评论,乌里珂・杜普夫纳（Ulrike Doepfner）,2021-05-01,机械工业出版社,41次,¥42.90,,
320.,http://img3m8.ddimg.cn/30/22/27902388-1_l_16.jpg,富爸爸穷爸爸（新版本）当当投资理财类图书！本版随书附赠价值19...,536349条评论,【美】罗伯特・清崎    萧明 译,2019-08-01,四川人民出版社,1803次,¥40.10,,¥34.00
321.,http://img3m9.ddimg.cn/74/30/29331299-1_l_11.jpg,神奇点心店（1-4）（欢迎光临钱天堂，“儿童版解忧杂货店”开张了...,21985条评论,（日）广岛玲子 著，（日）加加 绘，仲雷雷 译  100层童书馆 出品,2021-11-01,北京科学技术出版社,219次,¥99.70,,
322.,http://img3m7.ddimg.cn/10/25/28993447-1_l_42.jpg,刑法学讲义（罗翔普法故事会，拆穿生活的套路，看透舆论的陷阱，...,87732条评论,罗翔，果麦文化 出品,2020-07-01,云南人民出版社,1866次,¥34.00,,¥14.99
323.,http://img3m5.ddimg.cn/62/30/28558295-1_l_7.jpg,中华人民共和国民法典（实用版）2021年1月起正式施行  团购电话：...,304892条评论,中国法制出版社,2020-06-01,中国法制出版社,3137次,¥28.90,,
324.,http://img3m9.ddimg.cn/96/15/29316669-1_l_7.jpg,100层的房子（5本套）,257255条评论,（日）岩井俊雄  100层童书馆 出品,2021-10-01,北京科学技术出版社,76次,¥178.90,,
325.,http://img3m1.ddimg.cn/10/34/25322131-1_l_2872.jpg,海奥华预言中文版（米歇戴斯玛克特讲述地球人外星游记外观地球内...,45182条评论,米歇・戴斯玛克特,2018-08-22,作家出版社,458次,¥29.20,,
326.,http://img3m8.ddimg.cn/71/21/28516328-1_l_25.jpg,大话西方艺术史（句句有梗的极简艺术史！艺术自媒体意外艺术，八...,52456条评论,意公子 著；读客文化 出品,2020-02-14,海南出版社,1549次,¥39.00,,¥9.90
327.,http://img3m7.ddimg.cn/16/27/25160767-1_l_3.jpg,在细雨中呼喊（余华活着许三观卖血记兄弟文城长篇代表作之一作家...,149575条评论,余华,2017-09-12,作家出版社,11493次,¥21.40,,¥29.99
328.,http://img3m1.ddimg.cn/18/19/29384901-1_l_20.jpg,唐诗三百年,26条评论,黄天骥,2022-03-01,东方出版中心,26次,¥41.20,,
329.,http://img3m2.ddimg.cn/28/34/29393722-1_l_1.jpg,紫嫣的天空,250条评论,紫嫣,2022-04-15,现代出版社,121次,¥19.90,,
330.,http://img3m0.ddimg.cn/58/15/29404840-1_l_6.jpg,出格（被驯化的生活之下，至少有一次能活成自己！）,25条评论,梁晓声、蒋子龙、乔叶等 著  时代华语 出品,2022-05-01,江苏凤凰文艺出版社,25次,¥29.90,,¥45.99
331.,http://img3m9.ddimg.cn/3/1/26922459-1_l_17.jpg,边城（沈从文代表作）,196271条评论,沈从文,2019-04-01,中国友谊出版公司,3370次,¥15.70,,¥5.99
332.,http://img3m3.ddimg.cn/76/26/11149714003-1_l_2.jpg,当下的力量(白金版) 埃克哈特托利 活在当下 成功励志受益一生终身...,24条评论,埃克哈特・托利,2019-06-01,中信出版社,24次,¥21.00,,
333.,http://img3m3.ddimg.cn/94/16/11149727683-1_l_2.jpg,【八年级下阅读2册】苏菲的世界+平凡的世界  原著正版初中生青少...,24条评论,乔斯坦・贾德,2017-02-01,作家出版社,24次,¥55.00,,
334.,http://img3m7.ddimg.cn/35/24/11177139437-1_l_1.jpg,2022版 个税个人所得税实操手册 读懂个人所得税政策实操案例解读...,24条评论,社梅松讲税编委会,2022-01-01,立信会计出版,24次,¥105.00,,
335.,http://img3m6.ddimg.cn/13/8/1615330246-1_l_1.jpg,正版 中国大百科全书 第二版 16开全套32卷册 科普百科知识读物 社...,25条评论,《中国大百科全书》总编委会编,2016-05-01,中国大百科全书出版社,25次,"¥6,698.00",,
336.,http://img3m3.ddimg.cn/36/31/29280573-1_l_3.jpg,53笔记本（月亮蓝）,31656条评论,曲一线 主编,2021-08-01,教育科学出版社,192次,¥4.40,,
337.,http://img3m3.ddimg.cn/42/14/24566793-1_l_8.jpg,球状闪电（典藏版）,73734条评论,刘慈欣 著，科幻世界出品,2014-07-01,四川科技出版社,1147次,¥13.80,,¥9.99
338.,http://img3m1.ddimg.cn/38/0/29267111-1_l_6.jpg,人生（2021版，茅盾文学奖得主路遥代表作，激励万千读者，堪称《...,109277条评论,路遥  著 ，新经典  出品,2021-07-01,北京十月文艺出版社,151次,¥27.20,,
339.,http://img3m9.ddimg.cn/10/24/25157989-1_l_9.jpg,果麦经典：了凡四训（“我命由我不由天！”曾国藩、胡适、稻盛和...,139945条评论,袁了凡 著，译者 费勇，果麦文化 出品,2017-09-01,三秦出版社,1596次,¥16.00,,
340.,http://img3m7.ddimg.cn/20/14/25210667-1_l_4.jpg,汉声中国童话（全12册）（精美礼盒装，享誉世界的经典童话  代代...,46069条评论,汉声杂志社,2018-01-30,天地出版社,1567次,¥645.80,,
341.,http://img3m2.ddimg.cn/43/18/20974282-1_l_15.jpg,科幻世界・三体(二)黑暗森林,252151条评论,刘慈欣，科幻世界出品,2008-05-01,重庆出版社,3952次,¥18.80,,¥11.99
342.,http://img3m9.ddimg.cn/96/2/27909879-1_l_9.jpg,这就是物理（函套10册）,213752条评论,约瑟夫・米森（Joseph Midthun） 萨缪・希提（Sam Hiti）,2019-07-01,北京理工大学出版社,2868次,¥70.00,,
343.,http://img3m0.ddimg.cn/73/17/29151910-1_l_7.jpg,父与子全集 彩图注音版 全4册 德国漫画大师传世之做 亲子阅读 快...,135715条评论,(德) 埃・奥・卜劳恩著,2020-08-01,北京教育出版社,283次,¥14.90,,
344.,http://img3m5.ddimg.cn/23/29/29122655-1_l_14.jpg,少年读徐霞客游记（游中国・地理启蒙，全3册）,67236条评论,刘兴诗,2020-09-01,青岛出版社,599次,¥95.00,,
345.,http://img3m4.ddimg.cn/25/14/29271454-1_l_14.jpg,下雨的书店（全4册）,76436条评论,（日）日向理惠子 著，（日）吉田尚令 绘，爱心树童书 出品,2021-08-01,新星出版社,182次,¥131.70,,
346.,http://img3m8.ddimg.cn/33/7/28486788-1_l_10.jpg,朗文・外研社・新概念英语1英语初阶学生用书（全新版附扫码音频）...,606310条评论,亚历山大（L. G. Alexander），何其莘,2019-09-02,外语教学与研究出版社,1004次,¥29.90,,
347.,http://img3m2.ddimg.cn/17/7/24044642-1_l_18.jpg,如何说孩子才会听 怎么听孩子才肯说（全新修订版，涂磊推荐）,983866条评论,（美）玛兹丽施　著，安燕玲　译 青豆书坊 出品,2016-09-01,中央编译出版社,4740次,¥18.40,,
348.,http://img3m3.ddimg.cn/57/4/29248023-1_l_10.jpg,历史的镜子：全新未删节增补典藏插图版,18868条评论,吴晗 著 斯坦威出品,2021-05-27,中国友谊出版公司,224次,¥43.90,,¥24.50
349.,http://img3m6.ddimg.cn/12/21/29405586-1_l_3.jpg,做自己擅长的事，还是喜欢的？,35条评论,［奥］阿尔约沙・诺伊鲍尔,2022-06-01,北京联合出版有限公司,35次,¥33.70,,
350.,http://img3m5.ddimg.cn/53/34/29243465-1_l_3.jpg,高效员工管理：写给管理者的6个锦囊,850条评论,童伯华,2021-06-05,中国铁道出版社,123次,¥32.40,,
351.,http://img3m7.ddimg.cn/74/1/11177139377-1_l_1.jpg,2022版个人所得税实操手册企业所得税实务与汇算清缴实操手册赠送...,23条评论,梅松讲税编委会,2022-01-01,立信会计出版社,23次,¥190.00,,
352.,http://img3m6.ddimg.cn/90/20/25261326-1_l_16.jpg,米小圈上学记四年级（套装共4册）,317788条评论,北猫,2018-04-01,四川少年儿童出版社,46430次,¥100.00,,
353.,http://img3m7.ddimg.cn/4/33/29385877-1_l_20.jpg,关于告别的一切（又一部典型的“路式”小说，签名本，随机签章本...,94条评论,路内,2022-04-01,上海文艺出版社,25次,¥39.00,,
354.,http://img3m9.ddimg.cn/85/10/26289139-1_l_14.jpg,曾国藩传（张宏杰新作）,103521条评论,张宏杰,2019-01-01,民主与建设出版社,2043次,¥68.00,,¥7.99
355.,http://img3m7.ddimg.cn/65/35/29346437-1_l_14.jpg,戴建业・漫画世说新语（听戴老师讲《世说新语》，看爆笑漫画，大...,13429条评论,[南朝宋] 刘义庆 原作；戴建业 编；胖乐胖乐 著；果麦文化 出品,2021-12-01,浙江文艺出版社,948次,¥24.90,,¥39.99
356.,http://img3m0.ddimg.cn/89/4/29212910-1_l_2.jpg,郑渊洁四大名传（全4册，含《罐头小人》电影情节）,280458条评论,郑渊洁,2015-12-01,浙江少年儿童出版社,808次,¥87.00,,
357.,http://img3m1.ddimg.cn/90/13/28988181-1_l_13.jpg,博弈论,30750条评论,（美）约翰・冯・诺依曼,2020-07-13,沈阳出版社,284次,¥22.40,,¥9.90
358.,http://img3m0.ddimg.cn/20/8/29293130-1_l_7.jpg,大中华寻宝系列（1-28 上海寻宝记/北京/天津/重庆/山东/四川/湖北...,30284条评论,孙家裕,2021-08-01,二十一世纪出版社,280次,¥431.20,,
359.,http://img3m4.ddimg.cn/65/17/26487614-1_l_10.jpg,天利38套 历史《大事年表》,220635条评论,教学考试研究院,2019-01-01,西藏人民出版社,1344次,¥2.80,,
360.,http://img3m4.ddimg.cn/77/16/29242004-1_l_15.jpg,全脑开发贴纸书全8册 2-3-4-5-6岁贴纸书宝库儿童贴画书益智玩具贴...,52461条评论,米艺文化,2021-01-01,广东旅游出版社,126次,¥36.90,,
361.,http://img3m9.ddimg.cn/81/16/29251809-1_l_45.jpg,沟通的方法（畅销50万册 得到CEO脱不花为你准备的沟通心法，助你...,115290条评论,脱不花 著，得到图书 出品,2021-06-11,新星出版社,521次,¥41.40,,
362.,http://img3m5.ddimg.cn/59/21/25314755-1_l_4.jpg,动物小说大王沈石溪品藏书系 升级版（黄绿特辑 套装共12册）,185479条评论,沈石溪 著,2018-08-01,浙江少年儿童出版社,9850次,¥267.00,,
363.,http://img3m6.ddimg.cn/55/19/26916076-1_l_5.jpg,100层的房子系列（全4册，《100层的房子》+《地下100层的房子》+...,247449条评论,[日]岩井俊雄  100层童书馆 出品,2018-08-01,北京科学技术出版社,1872次,¥138.80,,
364.,http://img3m7.ddimg.cn/24/6/29346297-1_l_5.jpg,不可思议的文明奇迹 涵盖历史地理多学科领域 精装版,16988条评论,郭子林,2022-03-01,石油工业出版社,106次,¥30.00,,
365.,http://img3m6.ddimg.cn/93/5/29179056-1_l_12.jpg,自然故事（套装共3辑24册）国际大奖获奖插画家、生物保护学家、著...,8000条评论,[英]尼古拉・戴维斯 [英]詹妮・霍克 [英]马丁・詹金斯    浪花朵朵,2020-09-01,浙江教育出版社,94次,¥302.40,,
366.,http://img3m0.ddimg.cn/28/20/28554400-1_l_8.jpg,不爱说话的十一岁・纽伯瑞儿童文学奖金奖（写尽8~12岁孩子的心事...,25194条评论,[菲]艾琳.恩瑞达.凯莉 著；读客文化 出品,2020-05-31,文汇出版社,372次,¥35.80,,
367.,http://img3m0.ddimg.cn/6/10/29129370-1_l_15.jpg,乡土中国（精装版 附赠书签）,48538条评论,费孝通,2019-10-01,青岛出版社,199次,¥17.10,,
368.,http://img3m3.ddimg.cn/39/6/29385813-1_l_12.jpg,周四推理俱乐部（18个月全球销量突破500万册，紫金陈、亚当・凯推...,5718条评论,【英】理查德・奥斯曼,2022-04-02,接力出版社,59次,¥38.70,,
369.,http://img3m5.ddimg.cn/48/21/29413245-1_l_3.jpg,向上社交（打开你的社交格局，提供价值，让优秀的人主动靠近你）,22条评论,[美]帕特里克・金 著  时代华语 出品,2022-06-01,科学技术文献出版社,22次,¥24.90,,
370.,http://img3m4.ddimg.cn/88/18/25261324-1_l_14.jpg,米小圈上学记三年级（套装共4册）,333459条评论,北猫,2018-04-01,四川少年儿童出版社,28547次,¥100.00,,
371.,http://img3m7.ddimg.cn/55/5/29340487-1_l_7.jpg,读水浒：人性的十三种刻度（易中天赞叹推荐，押沙龙从人性的角度...,17126条评论,押沙龙，果麦文化 出品,2021-12-01,三秦出版社,262次,¥24.90,,¥41.00
372.,http://img3m0.ddimg.cn/70/29/29288230-1_l_13.jpg,超有效图解小学生英语语法,46151条评论,楚恬 主编,2021-07-01,化学工业出版社,143次,¥35.50,,
373.,http://img3m0.ddimg.cn/40/17/25183660-1_l_5.jpg,心流：最优体验心理学,112004条评论,(美)米哈里・契克森米哈赖 著；张定绮 译,2017-12-01,中信出版社,1062次,¥28.50,,¥9.99
374.,http://img3m0.ddimg.cn/49/34/25314250-1_l_6.jpg,第七天（2018版）,499466条评论,余华,2018-08-01,新星出版社,3086次,¥27.20,,
375.,http://img3m0.ddimg.cn/37/13/29285920-1_l_7.jpg,敦煌奇幻旅行记 （套装全3册）,27172条评论,常怡,2021-08-23,中信出版社,461次,¥93.50,,
376.,http://img3m3.ddimg.cn/96/2/25265193-1_l_6.jpg,大秦帝国,1343条评论,王子居,2017-12-01,民主与建设出版社,49次,¥17.90,,
377.,http://img3m0.ddimg.cn/8/11/26436770-1_l_4.jpg,天地中来,697条评论,王子居,2019-01-31,线装书局,56次,¥17.90,,
378.,http://img3m8.ddimg.cn/89/36/28519118-1_l_10.jpg,米小圈漫画成语游戏：小黑书,41612条评论,北猫,2020-01-01,四川少年儿童出版社,1442次,¥5.30,,
379.,http://img3m7.ddimg.cn/15/36/29401827-1_l_2.jpg,读懂财报关键指标：从数字表象到经营真相,1611条评论,黄玲,2022-05-01,人民邮电出版社,1079次,¥34.90,,
380.,http://img3m1.ddimg.cn/94/0/25265191-1_l_5.jpg,论语原解,1328条评论,王子居,2018-01-31,民主与建设出版社,85次,¥17.90,,
381.,http://img3m6.ddimg.cn/20/24/29400446-1_l_10.jpg,你不能等到生活不再艰难了，才决定开始快乐（日子有毒，快乐是解...,97条评论,徐多多,2022-05-20,新世界出版社,42次,¥24.50,,
382.,http://img3m8.ddimg.cn/73/19/28522468-1_l_8.jpg,雪国（川端康成诺贝尔文学奖获奖作，全新精装典藏版）,372905条评论,（日）川端康成 著， 新经典  出品,2020-03-01,南海出版公司,658次,¥24.50,,¥28.00
383.,http://img3m2.ddimg.cn/70/19/29263282-1_l_45.jpg,一日三秋（刘震云睽违四年新作，用幽默化解成年人的崩溃瞬间，人...,35275条评论,刘震云,2021-07-01,花城出版社,511次,¥29.00,,
384.,http://img3m7.ddimg.cn/86/3/22627427-1_l_33.jpg,山海经（白话全译彩图版珍藏版）,325803条评论,徐客  著    紫图图书   出品,2012-03-01,现代出版社,3815次,¥26.50,,¥4.99
385.,http://img3m4.ddimg.cn/69/25/23323974-1_l_4.jpg,局外人（加缪作品）,108310条评论,[法]阿尔贝・加缪著 柳鸣九译,2013-08-01,上海译文出版社,1420次,¥11.00,,¥1.99
386.,http://img3m7.ddimg.cn/20/8/29399357-1_l_4.jpg,历史太好玩了！古代帝王群聊.秦朝+唐朝12+清朝+明朝（套装全5册）...,23条评论,胥渡 仙仙 著,2022-05-01,哈尔滨出版社,22次,¥151.20,,
387.,http://img3m5.ddimg.cn/52/18/23568685-1_l_14.jpg,世说新语（全2册・中华经典名著全本全注全译丛书-三全本）,212034条评论,朱碧莲，沈海波　译注,2014-09-01,中华书局,5137次,¥39.60,,
388.,http://img3m3.ddimg.cn/4/23/25251043-1_l_231996.jpg,万历十五年（增订纪念本）,116261条评论,黄仁宇 著,2018-03-01,中华书局,1433次,¥36.70,,
389.,http://img3m5.ddimg.cn/41/18/29242265-1_l_43.jpg,如果历史是一群喵8・盛世大唐篇,66220条评论,肥志 编绘；漫友文化出品,2021-05-25,广东旅游出版社,565次,¥40.70,,
390.,http://img3m1.ddimg.cn/76/12/28519501-1_l_10.jpg,十二生肖的故事――首届丰子恺儿童图画书奖得主  赖马作品！,154729条评论,文/图：赖马,2020-03-28,河北教育出版社,545次,¥40.80,,
391.,http://img3m0.ddimg.cn/78/30/29128650-1_l_16.jpg,风声（经历过大孤独、大绝望的人，会懂得《风声》给你的大坚韧和...,51466条评论,麦家 著;读客文化 出品,2020-10-31,上海文艺出版社,1725次,¥29.90,,¥8.99
392.,http://img3m0.ddimg.cn/42/15/29365620-1_l_5.jpg,古文辞类�e（精装繁体竖排・全3册）,839条评论,黄鸣 点校， 姚鼐  编,2022-02-19,中华书局,85次,¥192.60,,
393.,http://img3m6.ddimg.cn/54/10/28997946-1_l_13.jpg,真希望我父母读过这本书（二十年资历心理治疗师写给父母和孩子的...,91865条评论,菲莉帕・佩里（Philippa Perry）,2020-08-10,中信出版社,305次,¥31.20,,¥12.99
394.,http://img3m0.ddimg.cn/28/29/29322640-1_l_6.jpg,半小时漫画宇宙大爆炸（半小时读完138亿年宇宙史，一口气搞懂大爆...,27899条评论,陈磊・半小时漫画团队；读客文化 出品,2021-11-08,浙江科学技术出版社,282次,¥24.50,,¥49.00
395.,http://img3m2.ddimg.cn/65/4/28546022-1_l_7.jpg,地下室手记（罗翔老师推荐版本，豆瓣2020读书榜经典类No.1，9.5分...,37863条评论,陀思妥耶夫斯基，译者：曾思艺，果麦文化 出品,2020-05-01,浙江文艺出版社,318次,¥19.90,,¥9.99
396.,http://img3m8.ddimg.cn/87/1/25289538-1_l_9.jpg,小熊宝宝绘本（简装全15册）蒲蒲兰经典绘本！新手妈妈的育儿宝典...,1036781条评论,佐佐木洋子 文/图，蒲蒲兰 译,2007-05-16,新世纪出版社,3102次,¥44.80,,
397.,http://img3m9.ddimg.cn/22/7/24186019-1_l_16.jpg,人类简史：从动物到上帝（第十届文津奖作品。颠覆认知，刷新世界...,738840条评论,[以色列] 尤瓦尔・赫拉利（Yuval Noah Harari）,2017-01-01,中信出版社,6616次,¥44.20,,¥34.00
398.,http://img3m5.ddimg.cn/5/1/29398055-1_l_8.jpg,讲了很久很久的中国妖怪故事（动物、植物、怪物、器物，100个激发...,27条评论,张云 著，喵九 绘,2022-03-31,北京科学技术出版社,24次,¥81.00,,
399.,http://img3m6.ddimg.cn/57/4/1615330686-1_l_2.jpg,不列颠百科全书全套20册 精装收藏国际中文修订版 大英百科全书 少...,33条评论,美国不列颠百科全书公司 编著,2007-05-01,中国大百科全书出版社,24次,"¥1,608.00",,
400.,http://img3m2.ddimg.cn/71/20/28541672-1_l_8.jpg,他在云之南（人气作家景行燃情悬爱力作！随书附赠“追光”书签。...,54767条评论,景行  白马时光  出品,2020-04-01,百花文艺出版社,759次,¥19.90,,¥23.99
401.,http://img3m2.ddimg.cn/43/1/28526002-1_l_6.jpg,俗世奇人（全三册）冯骥才“俗世奇人系列”全部作品54篇入选中小...,46482条评论,冯骥才,2020-03-31,作家出版社,238次,¥31.00,,
402.,http://img3m2.ddimg.cn/73/35/29384362-1_l_5.jpg,动物脑瓜里装的都是啥（全2册）,24条评论,(法) 玛丽昂・蒙 泰涅著 ; 王梅译,2022-05-01,北京科学技术出版社,21次,¥75.80,,
403.,http://img3m9.ddimg.cn/34/34/29212459-1_l_3.jpg,王子居诗词 : 喻诗浅论,86条评论,温雅 著,2021-03-31,台海出版社,26次,¥22.40,,
404.,http://img3m4.ddimg.cn/8/35/29381624-1_l_10.jpg,青：陪安东尼度过漫长岁月5,20339条评论,安东尼,2022-04-01,湖南文艺出版社,122次,¥35.00,,
405.,http://img3m9.ddimg.cn/38/12/29373239-1_l_14.jpg,自我的诞生（知名心理咨询师武志红转向“自我”研究的里程碑式作...,15821条评论,武志红 著  得到图书 出品,2022-03-10,新星出版社,103次,¥49.00,,
406.,http://img3m0.ddimg.cn/6/16/25270350-1_l_3.jpg,中华人民共和国宪法（64开便携  红皮压纹烫金版）,29628条评论,全国人大常委会办公厅,2018-04-20,中国民主法制出版社,606次,¥0.90,,¥2.18
407.,http://img3m4.ddimg.cn/30/5/29307594-1_l_2.jpg,平衡的，才是健康的 致平衡毒即是药，失平衡药即是毒。二字统摄中...,434条评论,王涛　著,2021-12-31,中国人口出版社,37次,¥15.70,,
408.,http://img3m5.ddimg.cn/97/21/25215595-1_l_8.jpg,人类群星闪耀时（无删减全译本。《一个陌生女人的来信》作者茨威...,138279条评论,〔奥〕斯蒂芬・茨威格 著，潘子力 高中甫 译,2018-01-15,时代文艺出版社,2207次,¥13.70,,¥1.99
409.,http://img3m4.ddimg.cn/55/30/29179414-1_l_15.jpg,下沉年代（“得到”年度好书，许倬云、刘擎、但斌一致推荐！呈现...,47073条评论,（美）乔治・帕克  著  ，新经典   出品,2021-01-01,文汇出版社,316次,¥54.00,,¥29.99
410.,http://img3m2.ddimg.cn/78/18/1744625202-1_l_16.jpg,酸梅 黄三 著 印特签版【文轩定制:流沙手牌+立牌+透卡+飞机盒+随...,2736条评论,黄三,2018-01-01,江苏凤凰文艺出版社,178次,¥30.00,,
411.,http://img3m7.ddimg.cn/54/27/22790547-1_l_2.jpg,全球最美的100个地方 图说天下 国家地理,352377条评论,<图说天下.国家地理系列>编委会,2012-06-01,北京联合出版公司,3472次,¥7.70,,¥8.00
412.,http://img3m6.ddimg.cn/36/26/25198506-1_l_7.jpg,怪诞行为学：可预测的非理性,60961条评论,【美】丹・艾瑞里（Dan Ariely）,2017-12-01,中信出版社,389次,¥36.00,,¥12.99
413.,http://img3m4.ddimg.cn/78/32/25099944-1_l_30.jpg,梅格时空大冒险・7~14岁儿童文学科幻经典（全5册）银河的裂缝 等...,258062条评论,(美)马德琳・英格 著；读客文化 出品,2017-07-01,文汇出版社,2958次,¥210.70,,¥29.99
414.,http://img3m6.ddimg.cn/52/11/29317516-1_l_8.jpg,风情不摇晃・典藏纪念版 （深情而危险的荆复洲VS清纯又美艳的安愿...,9947条评论,初禾初,2021-11-01,百花洲文艺出版社,96次,¥29.40,,
415.,http://img3m2.ddimg.cn/94/0/28514272-1_l_22.jpg,昆虫记 彩图注音版 小学生一二三年级6-7-8-9岁课外阅读书籍世界经...,20935条评论,[法] 让-亨利・法布尔 著，龚勋 编,2016-11-01,北京日报出版社,107次,¥13.70,,
416.,http://img3m8.ddimg.cn/84/7/9101748-1_l_17.jpg,法布尔昆虫记（全10册）（儿童彩图版）,367305条评论,（韩）高苏珊娜  编著，（韩）金成荣  绘，李明淑  译  100层童书馆 出品,2014-07-01,北京科学技术出版社,3451次,¥95.00,,
417.,http://img3m6.ddimg.cn/0/31/28518336-1_l_3.jpg,明朝简史:一书读透大明三百年，揭示帝国由盛转衰的秘密.,44515条评论,吴晗 著，斯坦威 出品,2019-11-01,中国华侨出版社,482次,¥43.00,,¥24.00
418.,http://img3m6.ddimg.cn/7/25/23745256-1_l_11.jpg,庄子（中华经典名著全本全注全译丛书-三全本）,99372条评论,方勇　译注,2015-06-01,中华书局,1597次,¥33.80,,
419.,http://img3m3.ddimg.cn/70/1/23796403-1_l_9.jpg,诗经（全2册・中华经典名著全本全注全译丛书-三全本）,225442条评论,王秀梅　译注,2015-09-01,中华书局,3781次,¥37.20,,¥22.32
420.,http://img3m5.ddimg.cn/92/24/29404775-1_l_8.jpg,四大圣哲,26条评论,[德]卡尔・雅斯贝尔斯 著   傅佩荣  译,2022-05-01,商务印书馆,22次,¥39.50,,
421.,http://img3m5.ddimg.cn/30/18/29201565-1_l_7.jpg,《素书》大成智慧,18016条评论,兰彦岭,2021-03-01,北京联合出版有限公司,72次,¥29.90,,¥19.60
422.,http://img3m7.ddimg.cn/1/28/29125207-1_l_6.jpg,逻辑学入门：清晰思考、理性生活的88个逻辑学常识,61881条评论,格桑,2020-09-01,中国纺织出版社,194次,¥40.70,,¥16.99
423.,http://img3m2.ddimg.cn/12/17/25294512-1_l_5.jpg,大中华寻宝记系列（1-20）,79312条评论,孙家裕,2018-07-01,二十一世纪出版社,1665次,¥308.00,,
424.,http://img3m3.ddimg.cn/84/31/28519113-1_l_12.jpg,米小圈漫画成语（第一辑）（套装共5册）,495763条评论,北猫,2020-01-01,四川少年儿童出版社,1136次,¥44.00,,
425.,http://img3m4.ddimg.cn/66/15/29380494-1_l_7.jpg,西南联大通识课（全7册）（纪念西南联大建校85周年！诸子百家之后...,19263条评论,朱自清  等,2022-04-01,天地出版社,52次,¥203.00,,
426.,http://img3m1.ddimg.cn/96/4/29177871-1_l_15.jpg,小狗钱钱（附赠免费亲子财商课+理财秘籍思维导图）,309009条评论,博多・舍费尔,2021-01-20,中信出版社,1016次,¥19.90,,
427.,http://img3m3.ddimg.cn/62/11/23926283-1_l_21.jpg,一句顶一万句（典藏版，《朗读者》第五期，刘震云与观众一起分享...,190859条评论,刘震云,2016-08-30,长江文艺出版社,2132次,¥22.50,,
428.,http://img3m7.ddimg.cn/86/16/27916997-1_l_12.jpg,楚辞（中华经典名著全本全注全译丛书-三全本）,20585条评论,林家骊 注释,2019-08-03,中华书局,418次,¥26.80,,
429.,http://img3m3.ddimg.cn/52/0/29306923-1_l_2.jpg,挪威的森林,362350条评论,【日】村上春树 林少华 译,2018-03-01,上海译文出版社,78次,¥34.60,,¥12.99
430.,http://img3m9.ddimg.cn/51/19/29235939-1_l_44.jpg,甲骨文学校系列（4册，央视《读书》推荐、2021年度桂冠童书）,66442条评论,黄加佳 著，爱心树童书 出品,2021-06-01,北京联合出版有限公司,253次,¥135.60,,
431.,http://img3m6.ddimg.cn/0/5/25265196-1_l_5.jpg,你的呼吸还好吗――会呼吸才能不生病,746条评论,王涛,2018-01-01,中国人口出版社,45次,¥15.70,,
432.,http://img3m6.ddimg.cn/14/8/29404796-1_l_8.jpg,每天10分钟，提升语言表达力（全2册）,20条评论,（俄罗斯）妮娜・兹韦列娃 （俄罗斯）斯维特兰娜・伊孔尼科娃,2022-05-01,北京科学技术出版社,20次,¥79.00,,
433.,http://img3m5.ddimg.cn/66/36/29232885-1_l_7.jpg,十秒入戏 : 中国本土的墨菲定律,139条评论,王子居  著,2020-11-01,台海出版社,32次,¥17.90,,
434.,http://img3m7.ddimg.cn/0/16/11061513837-1_l_2.jpg,平凡的世界全三册正版 2021新版 路遥 平凡的世界全集三册 北京十...,30条评论,路遥著,2017-06-01,北京十月文艺出版社,27次,¥98.00,,
435.,http://img3m9.ddimg.cn/39/1/23878839-1_l_14.jpg,米小圈脑筋急转弯（第一辑）：脑力挑战赛,58405条评论,北猫,2016-01-01,四川少年儿童出版社,803次,¥7.00,,
436.,http://img3m2.ddimg.cn/1/15/11123879482-1_l_2.jpg,88元10件 49元5件 灵犬莱西当当自营 国际大奖小说儿童文学 三四年...,31条评论,艾里克.奈特,,应急管理出版社,21次,¥39.80,,
437.,http://img3m7.ddimg.cn/84/13/23715237-1_l_15.jpg,人间词话（王国维先生的代表作，近代较富盛名的词话著作）,581519条评论,王国维　著,2015-06-01,北京联合出版公司,22081次,¥14.00,,¥0.00
438.,http://img3m2.ddimg.cn/33/13/29235822-1_l_6.jpg,病毒细菌小百科 1分钟儿童小百科,24199条评论,介于童书 凤凰含章出品,2021-04-23,江苏凤凰科学技术出版社,95次,¥27.90,,
439.,http://img3m6.ddimg.cn/76/27/29403076-1_l_7.jpg,千里江山图（孙甘露令人惊叹的长篇新作！刘擎、马伯庸、李诞盛赞...,102条评论,孙甘露,2022-04-01,上海文艺出版社,26次,¥29.50,,
440.,http://img3m7.ddimg.cn/25/2/23366797-1_l_10.jpg,三案始末 影响大明王朝命运的三大谜案,5293条评论,温功义著,2013-11-01,生活.读书.新知三联书店,102次,¥23.70,,
441.,http://img3m0.ddimg.cn/5/1/29343110-1_l_10.jpg,典籍里的中国（共4册）（读典籍，学文史。有趣，有料，有知识点）...,10415条评论,有书,2022-01-01,天地出版社,141次,¥79.60,,
442.,http://img3m7.ddimg.cn/4/7/11125242517-1_l_10.jpg,盛夏小说木苏里实体书印签版【摇摇乐+吧唧+PP夹+胸针+贴纸+N插粒...,426条评论,木苏里,2018-01-01,其他,41次,¥39.60,,
443.,http://img3m4.ddimg.cn/96/20/25215594-1_l_11.jpg,一九八四（又译“1984”。奥威尔代表作，反乌托邦杰作之一）,225617条评论,"[英]乔治・奥威尔 著,傅霞 译",2018-02-05,时代文艺出版社,4748次,¥15.00,,¥1.99
444.,http://img3m1.ddimg.cn/43/31/23417701-1_l_28.jpg,0-4岁幼儿认知小百科（全3册),514525条评论,[日]吉田淳子 绘；徐超 译；心喜阅童书 出品,2014-02-01,长江少年儿童出版社,10696次,¥52.50,,
445.,http://img3m7.ddimg.cn/5/0/11126064317-1_l_8.jpg,易经真的很容易 曾仕强教授作品 人人都能读懂的易经入门到精通《...,686条评论,"曾仕强,刘君政",2012-06-01,陕西师范大学出版总社有限公司,33次,¥16.00,,
446.,http://img3m4.ddimg.cn/13/31/25298374-1_l_22.jpg,皮特猫・3~6岁好性格养成书：第一辑（共6册）（乐观、积极、开朗...,320401条评论,(美)艾瑞克・利温等 著；彭懿等译；读客文化 出品,2018-07-01,文汇出版社,3180次,¥139.90,,
447.,http://img3m8.ddimg.cn/83/20/25263398-1_l_6.jpg,在细雨中呼喊（精装版）,31188条评论,余华 著，新经典 出品,2018-05-01,北京十月文艺出版社,654次,¥27.20,,
448.,http://img3m4.ddimg.cn/45/20/28996254-1_l_38.jpg,梁实秋：可能这就是人生吧（十点读书推荐，文学泰斗梁实秋趣味散...,80593条评论,梁实秋 著  时代华语 出品,2020-08-01,中国友谊出版公司,526次,¥19.80,,
449.,http://img3m6.ddimg.cn/0/7/29302416-1_l_2.jpg,作文本（此商品与特定商品组合购买时可免费获得 不建议单独购买）...,4225条评论,本书编委,2021-10-01,,58次,¥1.90,,
450.,http://img3m6.ddimg.cn/10/1/29348956-1_l_15.jpg,星火英语四级考试真题备考2022年06月全套资料卷大学英语cet4历年...,193954条评论,汪开虎,2021-12-28,上海交通大学出版社,187次,¥32.90,,
451.,http://img3m7.ddimg.cn/96/8/1727514357-1_l_3.jpg,【领券立减100】福尔摩斯探案全集10册原版原著英国柯南道尔正版青...,7702条评论,柯南道尔,2019-03-01,山东友谊出版社,212次,¥129.00,,
452.,http://img3m7.ddimg.cn/67/34/25327237-1_l_5.jpg,【2019诺贝尔经济学奖得主作品】 贫穷的本质（修订版）：我们为什...,193457条评论,（印度）阿比吉特.班纳吉(Abhijit V.Banerjee)、（法）埃斯特.迪弗洛(Esther Duflo),2018-09-01,中信出版社,1582次,¥36.00,,¥19.99
453.,http://img3m2.ddimg.cn/13/29/29378362-1_l_9.jpg,东野圭吾：虚无的十字架（罗翔推荐！上市首周登顶Oricon排行榜！...,94024条评论,东野圭吾  著 ，新经典  出品,2022-03-01,南海出版公司,100次,¥29.40,,¥35.40
454.,http://img3m6.ddimg.cn/22/7/28541326-1_l_7.jpg,文化苦旅（余秋雨亲定版本，了解中国文化脉络的经典著作，三代人...,29078条评论,余秋雨,2020-05-01,北京联合出版有限公司,337次,¥26.00,,
455.,http://img3m8.ddimg.cn/37/26/28553518-1_l_6.jpg,小兵张嘎 百年百部经典书系 5-6年级阅读拓展书目，红色经典抗战题...,133573条评论,徐光耀,2020-04-01,长江少年儿童出版社,456次,¥17.80,,
456.,http://img3m2.ddimg.cn/93/6/29336862-1_l_44.jpg,平安小猪（J.K.罗琳新书王者归来，哈利波特后，全新长篇力作，带...,44997条评论,（英）J.K.罗琳 著，（英）吉姆・菲尔德 绘，爱心树童书 出品,2021-12-01,新星出版社,409次,¥68.00,,¥40.80
457.,http://img3m3.ddimg.cn/60/8/29394843-1_l_6.jpg,樊登漫画论语孟子（全2册）（让孩子从小立志，从小积极上进爱学习...,807条评论,樊登・樊登读书团队；读客文化 出品,2022-05-01,江苏凤凰文艺出版社,46次,¥49.90,,
458.,http://img3m3.ddimg.cn/39/13/28497783-1_l_7.jpg,灌篮高手新装再编版（全20卷）普销版,2972条评论,井上雄彦,2019-06-01,长春出版社,154次,¥564.70,,
459.,http://img3m8.ddimg.cn/50/28/25172978-1_l_6.jpg,牧羊少年奇幻之旅（央视《朗读者》、湖南卫视《天天向上》、李现...,607301条评论,（巴西）保罗・柯艾略 著，新经典 出品,2018-01-01,北京十月文艺出版社,8364次,¥24.10,,¥21.00
460.,http://img3m4.ddimg.cn/60/33/29409594-1_l_8.jpg,通俗天文学（《大英百科全书》推崇的“显赫的天文学家”创作的零...,20条评论,西蒙・纽康 著，汪亦男 译，新华先锋 出品,2022-07-01,陕西师范大学出版社,20次,¥55.20,,
461.,http://img3m4.ddimg.cn/4/6/11159154274-1_l_2.jpg,快乐读书吧四年级下册阅读5册  十万个为什么伊林版中国的十万个为...,19条评论,伊林,2020-01-01,民主与建设出版社,19次,¥49.00,,
462.,http://img3m4.ddimg.cn/72/4/11159294724-1_l_2.jpg,文学大师经典代表作：活着+百年孤独（精装共2册）,19条评论,余华，加西亚・马尔克斯 著,2017-06-01,南海出版公司,19次,¥63.00,,
463.,http://img3m4.ddimg.cn/85/30/11159635594-1_l_2.jpg,六年级上册阅读课外书 小英雄雨来 童年 爱的教育 3册 小学生课外...,19条评论,管桦/著,2018-06-01,山东美术出版社,19次,¥25.50,,
464.,http://img3m4.ddimg.cn/44/22/11159645354-1_l_3.jpg,五年级上册快乐读书吧阅读：中国民间故事+欧洲民间故事+非洲民间...,19条评论,程晓琼 著,2020-05-01,吉林大学出版社,19次,¥36.80,,
465.,http://img3m4.ddimg.cn/2/24/11159651054-1_l_2.jpg,三年级上册快乐读书吧 稻草人 安徒生童话 格林童话 推荐阅读青少...,19条评论,张琪 著,2016-04-01,山东美术出版社,19次,¥25.50,,
466.,http://img3m7.ddimg.cn/76/5/1665017617-1_l_13.jpg,红星照耀中国 昆虫记人民文学出版社当当自营人民教育出版社2册八...,240条评论,法布尔 等,2019-02-07,人民教育出版社,23次,¥48.70,,
467.,http://img3m2.ddimg.cn/12/18/29401032-1_l_10.jpg,调好肠胃百病消（消化科医生写给全民的肠胃调理法）,50条评论,李博 著  时代华语 出品,2022-05-01,天津科学技术出版社,23次,¥29.00,,¥45.99
468.,http://img3m1.ddimg.cn/29/4/29402831-1_l_6.jpg,小米的十二个月大冒险 套装全12册 （当当专属附赠：百科音频折页...,20条评论,旭爽 晓磊/文   洪啸 素一等/图,2022-05-31,朝华出版社,20次,¥262.40,,
469.,http://img3m4.ddimg.cn/7/30/27889594-1_l_11.jpg,从你的全世界路过：修订本（张嘉佳亲笔签名版与普通版本随机发送...,1130019条评论,"张嘉佳 著,博集天卷 出品",2019-07-01,湖南文艺出版社,1214次,¥22.50,,¥9.99
470.,http://img3m3.ddimg.cn/36/0/25165143-1_l_6.jpg,许三观卖血记（2017精装典藏版，增录新版自序）,62288条评论,余华 著，新经典 出品,2017-10-01,北京十月文艺出版社,7862次,¥27.20,,
471.,http://img3m3.ddimg.cn/29/4/29307593-1_l_3.jpg,动一动，保健康 运动不当问题多发，且易心脑梗，安全运动是第一原...,113条评论,王涛，高玉琪　编著,2021-12-31,中国人口出版社,31次,¥15.70,,
472.,http://img3m6.ddimg.cn/25/7/28525786-1_l_6.jpg,偷偷藏不住（共2册）,154232条评论,"竹已 著,  悦读纪 出品",2020-04-01,青岛出版社,2161次,¥35.20,,
473.,http://img3m8.ddimg.cn/53/25/29394638-1_l_6.jpg,爱美也是生产力（千万粉丝博主黎贝卡新书，专享签章版）,1740条评论,黎贝卡  著 ，新经典  出品,2022-04-01,北京十月文艺出版社,26次,¥40.70,,¥35.40
474.,http://img3m7.ddimg.cn/62/4/29312477-1_l_9.jpg,作文六要 文学大师王鼎钧著 讲给青少年的写作课  朱永新莫言王安...,15306条评论,王鼎钧,2021-10-01,商务印书馆,81次,¥32.10,,
475.,http://img3m7.ddimg.cn/67/34/29173387-1_l_7.jpg,悉达多（诺贝尔文学奖得主赫尔曼・黑塞的代表作，德文直译，原版...,27559条评论,（德）赫尔曼・黑塞著 赵丽慧译,2020-12-01,民主与建设出版社,242次,¥24.90,,¥9.40
476.,http://img3m1.ddimg.cn/19/3/23724181-1_l_1.jpg,素书（中华国学经典精粹・处世谋略本）,17317条评论,"旧题（西汉）黄石公,著,李青,译",2015-07-01,北京联合出版公司,428次,¥6.00,,
477.,http://img3m7.ddimg.cn/58/35/28527997-1_l_15.jpg,普京大传：活着，就为了改变俄罗斯,13938条评论,林志强,2020-05-31,华中科技大学出版社,266次,¥24.90,,
478.,http://img3m1.ddimg.cn/54/7/29224161-1_l_24.jpg,吴军数学通识讲义（原来数学可以这样用！文津图书奖得主吴军全新...,19038条评论,吴军 著; 得到图书 出品,2021-04-15,新星出版社,160次,¥69.00,,
479.,http://img3m3.ddimg.cn/96/35/29132133-1_l_19.jpg,宫西达也“你肯定能行”绘本（全18册）,391029条评论,[日]宫西达也,2020-10-01,青岛出版社,420次,¥302.10,,
480.,http://img3m6.ddimg.cn/84/21/29252406-1_l_15.jpg,父母的语言：3000万词汇塑造更强大的学习型大脑,230813条评论,[美]达娜・萨斯金德（Dana Suskind），MD 贝丝・萨斯金德（Bet,2021-06-15,机械工业出版社,151次,¥35.40,,¥9.99
481.,http://img3m3.ddimg.cn/79/1/29390803-1_l_18.jpg,北岛新书：必有人重写爱情,3934条评论,北岛 著，理想国 出品,2022-04-01,海南出版社,50次,¥58.50,,
482.,http://img3m2.ddimg.cn/45/12/29279592-1_l_13.jpg,中国儿童军事百科全书,15536条评论,《中国儿童军事百科全书》编委会 编著,2021-06-01,中国大百科全书出版社,126次,¥89.00,,
483.,http://img3m2.ddimg.cn/19/21/29388862-1_l_4.jpg,人类是怎么霸气上天的 : 吾皇巴扎黑航天科学史（当当专享白茶亲笔...,6086条评论,"白茶 著,博集天卷 出品",2022-05-20,湖南文艺出版社,2973次,¥39.80,,
484.,http://img3m2.ddimg.cn/50/27/28531652-1_l_9.jpg,故宫六百年（上下册）（去过故宫1000多次的史学大家阎崇年完整讲...,87929条评论,阎崇年,2020-04-30,华文出版社,1129次,¥69.50,,
485.,http://img3m6.ddimg.cn/41/31/29209496-1_l_7.jpg,增广贤文（中华经典名著全本全注全译丛书-三全本）,17303条评论,李冲锋  译注,2021-03-13,中华书局,285次,¥19.50,,¥14.40
486.,http://img3m0.ddimg.cn/59/33/29409890-1_l_6.jpg,做自己热爱的事（了解并发现自己的潜能与特质，让每个孩子都用他...,22条评论,(韩) 朴城佑,2022-05-01,北京科学技术出版社,22次,¥79.20,,
487.,http://img3m4.ddimg.cn/97/25/29381614-1_l_8.jpg,《这就是生物》（函套9册，5-12岁，这就是物理系列新作，孩子一看...,4593条评论,米莱童书,2022-03-01,北京理工大学出版社,104次,¥99.00,,
488.,http://img3m0.ddimg.cn/32/29/25577870-1_l_1.jpg,中国高校基金会治理结构:理论与实践（大学筹资理论与实践丛书）,122条评论,尤玉军,2018-11-01,人民出版社,28次,¥55.70,,
490.,http://img3m2.ddimg.cn/0/2/29399832-1_l_6.jpg,炊烟食客（著名编剧黄磊重磅新作，美食散文集。一屋两人，三餐四...,78条评论,黄磊 著  时代华语 出品,2022-05-01,江苏凤凰文艺出版社,35次,¥29.90,,¥45.99
491.,http://img3m7.ddimg.cn/90/17/29121237-1_l_40.jpg,苏东坡新传 全新增订版（全两册）,24460条评论,"李一冰     ,  后浪  出品",2020-05-01,四川人民出版社,468次,¥84.00,,¥29.99
492.,http://img3m3.ddimg.cn/77/32/11146887653-1_l_1.jpg,先秦两汉文学经典导读/方坚铭/项鸿强/浙江大学出版社,18条评论,方坚铭,2022-05-01,浙江大学出版社,18次,¥61.60,,
493.,http://img3m6.ddimg.cn/54/13/28497006-1_l_3.jpg,一生一世美人骨（任嘉伦、白鹿主演《一生一世》《周生如故》原著...,38929条评论,墨宝非宝,2020-01-01,文化发展出版社,736次,¥46.80,,
494.,http://img3m8.ddimg.cn/71/23/29403368-1_l_24.jpg,榆林道（当当专享签名明信片随机掉落，内含彩蛋）,21条评论,胡成,2022-06-01,上海文艺出版社,20次,¥43.50,,
495.,http://img3m4.ddimg.cn/87/2/26509614-1_l_31.jpg,十万个为什么 快乐读书吧 四年级下册推荐课外阅读 青少版科普 中...,233736条评论,（苏）米 伊林,2018-10-01,南方出版社,1747次,¥10.80,,
496.,http://img3m6.ddimg.cn/24/35/25113156-1_l_5.jpg,易经的奥秘：完整版,69314条评论,曾仕强,2017-07-10,北京时代华文书局,989次,¥35.30,,
497.,http://img3m7.ddimg.cn/29/34/20994167-1_l_12.jpg,科幻世界・三体(三)死神永生,245272条评论,刘慈欣，科幻世界出品,2010-11-01,重庆出版社,3030次,¥27.30,,¥14.99
498.,http://img3m9.ddimg.cn/5/13/25299059-1_l_35.jpg,他和她的猫（当当专享定制INS风透卡、定制捏脸圆扇、定制甜蜜3D变...,85195条评论,唧唧的猫著，鲤伴出品，有容书邦发行,2018-07-01,江苏凤凰文艺出版社,2118次,¥17.50,,
499.,http://img3m9.ddimg.cn/17/18/29249369-1_l_13.jpg,心理抚养,80612条评论,李玫瑾,2021-06-01,上海三联书店,430次,¥23.40,,¥45.99
500.,http://img3m4.ddimg.cn/32/28/11129328374-1_l_13.jpg,海棠微雨共归途3【流沙杯垫+AR卡+立牌+色纸+冰箱贴+卷轴+吧唧+光...,29条评论,肉包不吃肉,2022-04-06,广东旅游,20次,¥36.40,,
